,Date,Trending,5%Change,HighVol,CloseAvg,DidWin
0,1/1/2001,0,0,0,1,0.0
1,1/8/2001,0,0,0,0,1.0
2,1/15/2001,0,0,0,1,0.0
3,1/22/2001,0,0,0,0,1.0
4,1/29/2001,0,0,1,1,0.0
5,2/5/2001,0,0,0,0,0.0
6,2/12/2001,0,0,0,0,1.0
7,2/19/2001,0,0,0,1,1.0
8,2/26/2001,1,0,0,0,1.0
9,3/5/2001,0,0,0,1,0.0
10,3/12/2001,0,0,0,0,1.0
11,3/19/2001,0,0,0,1,0.0
12,3/26/2001,0,0,1,0,1.0
13,4/2/2001,0,0,1,1,1.0
14,4/9/2001,1,0,0,1,1.0
15,4/16/2001,0,0,0,1,0.0
16,4/23/2001,0,0,0,1,1.0
17,4/30/2001,0,0,0,1,1.0
18,5/7/2001,1,1,0,1,1.0
19,5/14/2001,0,0,0,1,0.0
20,5/21/2001,0,0,0,0,0.0
21,5/28/2001,0,0,1,0,1.0
22,6/4/2001,0,0,1,1,0.0
23,6/11/2001,0,0,0,0,1.0
24,6/18/2001,0,0,0,0,0.0
25,6/25/2001,0,0,0,0,0.0
26,7/2/2001,0,0,0,0,1.0
27,7/9/2001,0,0,0,0,1.0
28,7/16/2001,0,0,0,1,0.0
29,7/23/2001,0,0,1,0,1.0
30,7/30/2001,0,0,1,1,1.0
31,8/6/2001,1,0,1,1,1.0
32,8/13/2001,0,0,0,1,0.0
33,8/20/2001,0,0,0,0,1.0
34,8/27/2001,0,0,0,1,0.0
35,9/3/2001,0,1,0,1,1.0
36,9/10/2001,0,0,0,1,1.0
37,9/17/2001,1,0,0,1,1.0
38,9/24/2001,0,0,1,1,0.0
39,10/1/2001,0,0,0,0,0.0
40,10/8/2001,-1,0,0,0,0.0
41,10/15/2001,-1,0,0,0,0.0
42,10/22/2001,0,0,0,1,1.0
43,10/29/2001,0,0,0,0,0.0
44,11/5/2001,0,0,0,0,0.0
45,11/12/2001,-1,0,0,0,0.0
46,11/19/2001,0,0,0,1,1.0
47,11/26/2001,0,0,1,0,0.0
48,12/3/2001,0,0,1,0,1.0
49,12/10/2001,0,0,1,1,0.0
50,12/17/2001,0,0,0,0,0.0
51,12/24/2001,0,0,0,0,1.0
52,12/31/2001,0,0,0,1,1.0
53,1/7/2002,0,0,0,1,0.0
54,1/14/2002,0,0,0,0,0.0
55,1/21/2002,0,0,0,0,1.0
56,1/28/2002,0,1,1,1,1.0
57,2/4/2002,0,0,1,1,0.0
58,2/11/2002,0,0,1,0,0.0
59,2/18/2002,0,0,0,0,1.0
60,2/25/2002,0,0,0,1,0.0
61,3/4/2002,0,0,0,0,0.0
62,3/11/2002,0,0,0,0,1.0
63,3/18/2002,0,0,0,1,1.0
64,3/25/2002,0,0,1,1,0.0
65,4/1/2002,0,0,1,0,1.0
66,4/8/2002,0,0,0,1,1.0
67,4/15/2002,1,0,0,1,1.0
68,4/22/2002,1,0,0,1,1.0
69,4/29/2002,0,0,0,1,0.0
70,5/6/2002,0,0,0,1,0.0
71,5/13/2002,0,0,0,1,1.0
72,5/20/2002,0,0,0,1,1.0
73,5/27/2002,0,0,1,1,0.0
74,6/3/2002,0,0,1,0,0.0
75,6/10/2002,0,0,1,0,1.0
76,6/17/2002,0,0,1,1,0.0
77,6/24/2002,0,0,0,0,0.0
78,7/1/2002,0,0,0,0,1.0
79,7/8/2002,0,0,0,1,1.0
80,7/15/2002,0,-1,0,1,0.0
81,7/22/2002,0,0,0,0,1.0
82,7/29/2002,0,0,1,1,1.0
83,8/5/2002,0,0,0,1,0.0
84,8/12/2002,0,0,1,0,0.0
85,8/19/2002,0,0,1,0,1.0
86,8/26/2002,0,0,0,1,1.0
87,9/2/2002,0,0,0,1,0.0
88,9/9/2002,0,0,0,0,1.0
89,9/16/2002,0,0,0,1,0.0
90,9/23/2002,0,0,1,0,1.0
91,9/30/2002,0,0,1,1,0.0
92,10/7/2002,0,0,0,0,0.0
93,10/14/2002,0,0,0,0,1.0
94,10/21/2002,0,0,0,1,1.0
95,10/28/2002,1,0,0,1,1.0
96,11/4/2002,0,0,0,1,0.0
97,11/11/2002,0,0,0,0,0.0
98,11/18/2002,-1,0,0,1,0.0
99,11/25/2002,0,0,1,0,1.0
100,12/2/2002,0,0,1,1,1.0
101,12/9/2002,1,0,1,1,1.0
102,12/16/2002,1,0,0,0,1.0
103,12/23/2002,1,0,0,1,1.0
104,12/30/2002,1,0,0,1,1.0
105,1/6/2003,1,0,0,1,1.0
106,1/13/2003,1,0,0,1,1.0
107,1/20/2003,1,0,0,1,1.0
108,1/27/2003,1,0,1,1,1.0
109,2/3/2003,0,0,1,0,0.0
110,2/10/2003,0,0,1,0,0.0
111,2/17/2003,-1,0,1,1,0.0
112,2/24/2003,0,0,0,0,1.0
113,3/3/2003,0,0,0,0,0.0
114,3/10/2003,0,0,0,0,0.0
115,3/17/2003,0,0,0,0,1.0
116,3/24/2003,0,0,1,0,0.0
117,3/31/2003,0,0,1,0,1.0
118,4/7/2003,0,0,1,1,0.0
119,4/14/2003,0,0,0,1,1.0
120,4/21/2003,0,0,0,1,1.0
121,4/28/2003,1,0,0,1,1.0
122,5/5/2003,1,0,0,1,1.0
123,5/12/2003,1,0,0,1,1.0
124,5/19/2003,0,0,0,1,0.0
125,5/26/2003,0,0,1,1,0.0
126,6/2/2003,-1,0,1,0,0.0
127,6/9/2003,-1,0,1,0,0.0
128,6/16/2003,-1,0,1,0,0.0
129,6/23/2003,0,0,1,0,1.0
130,6/30/2003,0,0,0,1,0.0
131,7/7/2003,0,0,0,0,1.0
132,7/14/2003,0,0,0,1,1.0
133,7/21/2003,0,0,0,1,0.0
134,7/28/2003,0,0,1,0,1.0
135,8/4/2003,0,0,1,1,1.0
136,8/11/2003,0,0,0,1,0.0
137,8/18/2003,0,0,0,1,1.0
138,8/25/2003,0,0,0,1,1.0
139,9/1/2003,0,0,0,1,0.0
140,9/8/2003,0,0,0,0,1.0
141,9/15/2003,0,0,0,1,0.0
142,9/22/2003,0,0,1,0,0.0
143,9/29/2003,0,0,1,0,1.0
144,10/6/2003,0,0,1,1,0.0
145,10/13/2003,0,0,0,0,1.0
146,10/20/2003,0,0,0,1,0.0
147,10/27/2003,0,0,0,0,0.0
148,11/3/2003,0,0,0,1,1.0
149,11/10/2003,0,0,0,1,0.0
150,11/17/2003,0,0,0,1,1.0
151,11/24/2003,0,0,1,1,1.0
152,12/1/2003,1,0,1,1,1.0
153,12/8/2003,0,0,1,1,0.0
154,12/15/2003,0,0,0,1,1.0
155,12/22/2003,0,0,0,1,1.0
156,12/29/2003,1,0,0,1,1.0
157,1/5/2004,0,0,0,1,0.0
158,1/12/2004,0,0,0,0,1.0
159,1/19/2004,0,0,0,0,0.0
160,1/26/2004,0,0,1,0,1.0
161,2/2/2004,0,0,1,1,1.0
162,2/9/2004,0,0,0,1,0.0
163,2/16/2004,0,0,0,0,0.0
164,2/23/2004,0,0,0,0,1.0
165,3/1/2004,0,0,0,1,0.0
166,3/8/2004,0,0,0,0,1.0
167,3/15/2004,0,0,0,1,1.0
168,3/22/2004,0,0,0,1,0.0
169,3/29/2004,0,0,1,0,0.0
170,4/5/2004,-1,0,1,1,0.0
171,4/12/2004,-1,0,1,0,0.0
172,4/19/2004,-1,0,0,0,0.0
173,4/26/2004,-1,0,0,0,0.0
174,5/3/2004,-1,0,0,0,0.0
175,5/10/2004,0,0,0,0,1.0
176,5/17/2004,0,0,0,1,1.0
177,5/24/2004,0,0,1,1,0.0
178,5/31/2004,0,0,1,0,0.0
179,6/7/2004,0,0,1,0,1.0
180,6/14/2004,0,0,0,1,1.0
181,6/21/2004,0,0,0,1,0.0
182,6/28/2004,0,0,0,0,1.0
183,7/5/2004,0,0,0,1,0.0
184,7/12/2004,0,0,0,1,0.0
185,7/19/2004,0,0,0,0,1.0
186,7/26/2004,0,0,1,1,1.0
187,8/2/2004,0,0,1,1,0.0
188,8/9/2004,0,0,0,1,1.0
189,8/16/2004,0,0,1,1,0.0
190,8/23/2004,0,0,0,0,0.0
191,8/30/2004,0,0,0,0,1.0
192,9/6/2004,0,0,0,1,1.0
193,9/13/2004,1,0,0,1,1.0
194,9/20/2004,1,0,0,1,1.0
195,9/27/2004,1,0,1,1,1.0
196,10/4/2004,0,0,0,1,0.0
197,10/11/2004,0,0,0,1,1.0
198,10/18/2004,0,0,0,1,1.0
199,10/25/2004,1,0,1,1,1.0
200,11/1/2004,1,0,1,1,1.0
201,11/8/2004,1,0,0,1,1.0
202,11/15/2004,1,0,0,1,1.0
203,11/22/2004,1,0,1,1,1.0
204,11/29/2004,0,0,1,1,0.0
205,12/6/2004,0,0,1,0,1.0
206,12/13/2004,0,0,1,1,1.0
207,12/20/2004,0,0,0,1,0.0
208,12/27/2004,0,0,0,0,0.0
209,1/3/2005,0,0,0,0,1.0
210,1/10/2005,0,0,0,1,1.0
211,1/17/2005,0,0,0,1,0.0
212,1/24/2005,0,0,1,1,0.0
213,1/31/2005,0,0,1,0,1.0
214,2/7/2005,0,0,1,1,1.0
215,2/14/2005,1,0,1,1,1.0
216,2/21/2005,0,0,0,1,0.0
217,2/28/2005,0,0,0,1,1.0
218,3/7/2005,0,0,0,1,0.0
219,3/14/2005,0,0,0,0,0.0
220,3/21/2005,0,0,0,0,1.0
221,3/28/2005,0,0,1,0,1.0
222,4/4/2005,0,0,1,1,0.0
223,4/11/2005,0,0,0,0,1.0
224,4/18/2005,0,0,0,1,1.0
225,4/25/2005,0,0,0,0,0.0
226,5/2/2005,0,0,0,0,0.0
227,5/9/2005,-1,0,0,0,0.0
228,5/16/2005,0,0,0,0,1.0
229,5/23/2005,0,0,1,1,1.0
230,5/30/2005,1,0,1,1,1.0
231,6/6/2005,1,0,1,1,1.0
232,6/13/2005,1,0,0,1,1.0
233,6/20/2005,0,0,0,1,0.0
234,6/27/2005,0,0,0,0,0.0
235,7/4/2005,-1,0,0,0,0.0
236,7/11/2005,0,0,0,0,1.0
237,7/18/2005,0,0,0,1,1.0
238,7/25/2005,1,0,1,1,1.0
239,8/1/2005,1,0,1,1,1.0
240,8/8/2005,0,0,0,1,0.0
241,8/15/2005,0,0,0,0,1.0
242,8/22/2005,0,0,0,0,1.0
243,8/29/2005,1,0,0,1,1.0
244,9/5/2005,1,0,1,1,1.0
245,9/12/2005,1,0,0,1,1.0
246,9/19/2005,1,0,0,0,1.0
247,9/26/2005,1,0,1,1,1.0
248,10/3/2005,0,0,1,1,0.0
249,10/10/2005,0,0,0,0,0.0
250,10/17/2005,0,0,0,0,1.0
251,10/24/2005,0,0,0,1,0.0
252,10/31/2005,0,0,0,0,1.0
253,11/7/2005,0,0,0,1,1.0
254,11/14/2005,1,0,0,1,1.0
255,11/21/2005,1,0,0,1,1.0
256,11/28/2005,1,0,1,1,1.0
257,12/5/2005,0,0,1,1,0.0
258,12/12/2005,0,0,1,0,0.0
259,12/19/2005,0,0,1,1,1.0
260,12/26/2005,0,0,0,1,1.0
261,1/2/2006,1,0,0,1,1.0
262,1/9/2006,0,0,0,1,0.0
263,1/16/2006,0,0,0,1,1.0
264,1/23/2006,0,0,1,1,1.0
265,1/30/2006,0,0,1,1,0.0
266,2/6/2006,0,0,1,0,1.0
267,2/13/2006,0,0,0,1,1.0
268,2/20/2006,1,0,0,1,1.0
269,2/27/2006,0,0,0,1,0.0
270,3/6/2006,0,0,0,0,1.0
271,3/13/2006,0,0,0,1,1.0
272,3/20/2006,1,0,1,1,1.0
273,3/27/2006,1,0,1,1,1.0
274,4/3/2006,1,0,1,0,1.0
275,4/10/2006,1,1,0,0,1.0
276,4/17/2006,1,0,1,1,1.0
277,4/24/2006,1,0,0,1,1.0
278,5/1/2006,1,0,0,1,1.0
279,5/8/2006,0,-1,0,1,0.0
280,5/15/2006,0,0,0,0,0.0
281,5/22/2006,-1,0,1,0,0.0
282,5/29/2006,-1,0,1,0,0.0
283,6/5/2006,-1,0,1,0,0.0
284,6/12/2006,0,0,0,0,1.0
285,6/19/2006,0,0,0,1,1.0
286,6/26/2006,1,0,0,1,1.0
287,7/3/2006,1,1,0,1,1.0
288,7/10/2006,0,-1,0,1,0.0
289,7/17/2006,0,0,0,0,1.0
290,7/24/2006,0,0,1,1,1.0
291,7/31/2006,0,0,1,1,0.0
292,8/7/2006,0,0,0,0,0.0
293,8/14/2006,0,0,0,0,1.0
294,8/21/2006,0,0,0,1,1.0
295,8/28/2006,0,0,0,1,0.0
296,9/4/2006,0,-1,0,0,0.0
297,9/11/2006,0,0,0,0,1.0
298,9/18/2006,0,0,0,1,1.0
299,9/25/2006,0,0,1,1,0.0
300,10/2/2006,0,0,1,0,1.0
301,10/9/2006,0,0,0,1,1.0
302,10/16/2006,1,0,0,0,1.0
303,10/23/2006,1,0,0,1,1.0
304,10/30/2006,1,0,0,1,1.0
305,11/6/2006,0,0,0,1,0.0
306,11/13/2006,0,0,0,0,1.0
307,11/20/2006,0,0,0,1,1.0
308,11/27/2006,0,0,1,1,0.0
309,12/4/2006,0,0,1,0,0.0
310,12/11/2006,0,0,0,0,1.0
311,12/18/2006,0,0,0,1,1.0
312,12/25/2006,0,0,0,1,0.0
313,1/1/2007,0,0,0,0,1.0
314,1/8/2007,0,0,0,1,1.0
315,1/15/2007,1,0,0,1,1.0
316,1/22/2007,1,0,0,1,1.0
317,1/29/2007,1,0,1,0,1.0
318,2/5/2007,1,0,0,1,1.0
319,2/12/2007,1,0,0,1,1.0
320,2/19/2007,0,-1,0,1,0.0
321,2/26/2007,0,0,0,0,1.0
322,3/5/2007,0,0,0,1,1.0
323,3/12/2007,1,0,0,1,1.0
324,3/19/2007,1,0,0,0,1.0
325,3/26/2007,1,0,1,1,1.0
326,4/2/2007,1,0,1,1,1.0
327,4/9/2007,1,0,0,1,1.0
328,4/16/2007,0,0,0,1,0.0
329,4/23/2007,0,0,0,0,1.0
330,4/30/2007,0,0,0,1,0.0
331,5/7/2007,0,0,0,1,0.0
332,5/14/2007,-1,0,0,0,0.0
333,5/21/2007,0,0,0,0,1.0
334,5/28/2007,0,0,1,1,0.0
335,6/4/2007,0,0,1,0,1.0
336,6/11/2007,0,0,0,1,0.0
337,6/18/2007,0,0,0,0,0.0
338,6/25/2007,0,0,0,1,1.0
339,7/2/2007,0,0,0,1,1.0
340,7/9/2007,1,0,0,1,1.0
341,7/16/2007,0,0,0,1,0.0
342,7/23/2007,0,0,1,0,1.0
343,7/30/2007,0,0,1,1,0.0
344,8/6/2007,0,0,1,1,0.0
345,8/13/2007,0,0,1,0,1.0
346,8/20/2007,0,0,0,1,1.0
347,8/27/2007,1,0,0,1,1.0
348,9/3/2007,1,0,0,1,1.0
349,9/10/2007,1,0,0,0,1.0
350,9/17/2007,1,0,0,1,1.0
351,9/24/2007,0,0,1,1,0.0
352,10/1/2007,0,0,0,1,1.0
353,10/8/2007,0,0,0,1,1.0
354,10/15/2007,1,0,0,1,1.0
355,10/22/2007,1,0,0,1,1.0
356,10/29/2007,1,0,0,1,1.0
357,11/5/2007,0,-1,0,1,0.0
358,11/12/2007,0,0,0,0,1.0
359,11/19/2007,0,-1,0,1,0.0
360,11/26/2007,0,0,1,0,1.0
361,12/3/2007,0,0,1,1,0.0
362,12/10/2007,0,0,0,0,1.0
363,12/17/2007,0,0,0,1,1.0
364,12/24/2007,1,0,0,1,1.0
365,12/31/2007,1,0,0,1,1.0
366,1/7/2008,0,0,0,1,0.0
367,1/14/2008,0,0,0,0,1.0
368,1/21/2008,0,0,0,1,0.0
369,1/28/2008,0,0,1,0,1.0
370,2/4/2008,0,0,1,1,0.0
371,2/11/2008,0,0,0,0,1.0
372,2/18/2008,0,0,0,1,1.0
373,2/25/2008,1,0,0,1,1.0
374,3/3/2008,1,0,0,0,1.0
375,3/10/2008,0,-1,0,1,0.0
376,3/17/2008,0,0,0,0,1.0
377,3/24/2008,0,0,1,0,0.0
378,3/31/2008,0,0,1,1,1.0
379,4/7/2008,0,0,1,1,0.0
380,4/14/2008,0,0,0,0,0.0
381,4/21/2008,-1,0,0,0,0.0
382,4/28/2008,0,0,0,0,1.0
383,5/5/2008,0,0,0,1,1.0
384,5/12/2008,1,0,0,1,1.0
385,5/19/2008,0,0,0,1,0.0
386,5/26/2008,0,0,1,0,1.0
387,6/2/2008,0,0,1,1,0.0
388,6/9/2008,0,0,1,0,1.0
389,6/16/2008,0,0,0,1,1.0
390,6/23/2008,1,0,0,1,1.0
391,6/30/2008,1,0,0,0,1.0
392,7/7/2008,0,0,0,1,0.0
393,7/14/2008,0,0,0,0,0.0
394,7/21/2008,-1,0,0,0,0.0
395,7/28/2008,-1,-1,1,0,0.0
396,8/4/2008,-1,-1,1,0,0.0
397,8/11/2008,0,1,0,0,1.0
398,8/18/2008,0,0,0,1,1.0
399,8/25/2008,0,0,0,0,0.0
400,9/1/2008,0,0,0,0,0.0
401,9/8/2008,0,1,0,0,1.0
402,9/15/2008,0,0,0,1,1.0
403,9/22/2008,0,-1,1,0,0.0
404,9/29/2008,0,0,1,0,1.0
405,10/6/2008,0,-1,0,0,0.0
406,10/13/2008,0,-1,0,0,0.0
407,10/20/2008,-1,0,0,0,0.0
408,10/27/2008,0,0,0,0,1.0
409,11/3/2008,0,0,0,0,1.0
410,11/10/2008,1,1,0,1,1.0
411,11/17/2008,1,0,0,1,1.0
412,11/24/2008,0,-1,1,1,0.0
413,12/1/2008,0,1,1,0,1.0
414,12/8/2008,0,0,0,1,1.0
415,12/15/2008,1,0,0,0,1.0
416,12/22/2008,1,0,0,1,1.0
417,12/29/2008,0,0,0,1,0.0
418,1/5/2009,0,0,0,0,0.0
419,1/12/2009,0,1,0,1,1.0
420,1/19/2009,0,0,0,1,1.0
421,1/26/2009,0,0,1,1,0.0
422,2/2/2009,0,0,1,1,1.0
423,2/9/2009,0,1,1,1,1.0
424,2/16/2009,0,-1,1,1,0.0
425,2/23/2009,0,0,1,0,1.0
426,3/2/2009,0,0,0,1,0.0
427,3/9/2009,0,0,0,1,1.0
428,3/16/2009,0,0,0,1,0.0
429,3/23/2009,0,0,1,0,0.0
430,3/30/2009,-1,0,1,0,0.0
431,4/6/2009,-1,0,1,1,0.0
432,4/13/2009,0,1,1,0,1.0
433,4/20/2009,0,0,1,1,0.0
434,4/27/2009,0,0,1,0,1.0
435,5/4/2009,0,0,0,1,1.0
436,5/11/2009,1,0,0,1,1.0
437,5/18/2009,1,0,0,1,1.0
438,5/25/2009,0,0,1,1,0.0
439,6/1/2009,0,0,1,0,0.0
440,6/8/2009,-1,0,1,0,0.0
441,6/15/2009,0,0,0,1,1.0
442,6/22/2009,0,0,0,1,0.0
443,6/29/2009,0,0,0,0,0.0
444,7/6/2009,0,0,0,0,1.0
445,7/13/2009,0,0,0,1,1.0
446,7/20/2009,1,0,0,1,1.0
447,7/27/2009,1,0,1,1,1.0
448,8/3/2009,0,0,1,0,0.0
449,8/10/2009,0,0,0,0,1.0
450,8/17/2009,0,0,0,1,1.0
451,8/24/2009,1,0,0,1,1.0
452,8/31/2009,1,0,0,1,1.0
453,9/7/2009,1,0,0,1,1.0
454,9/14/2009,0,0,0,1,0.0
455,9/21/2009,0,0,0,0,1.0
456,9/28/2009,0,0,1,1,1.0
457,10/5/2009,1,0,0,1,1.0
458,10/12/2009,1,0,0,0,1.0
459,10/19/2009,0,0,0,0,0.0
460,10/26/2009,0,1,0,0,1.0
461,11/2/2009,0,0,0,1,1.0
462,11/9/2009,1,0,0,1,1.0
463,11/16/2009,1,0,0,1,1.0
464,11/23/2009,0,0,1,1,0.0
465,11/30/2009,0,0,1,0,0.0
466,12/7/2009,-1,0,1,0,0.0
467,12/14/2009,-1,0,0,0,0.0
468,12/21/2009,-1,0,0,1,0.0
469,12/28/2009,0,0,0,0,1.0
470,1/4/2010,0,0,0,1,0.0
471,1/11/2010,0,0,0,0,0.0
472,1/18/2010,-1,0,0,0,0.0
473,1/25/2010,-1,0,1,0,0.0
474,2/1/2010,0,0,1,0,1.0
475,2/8/2010,0,0,1,1,1.0
476,2/15/2010,0,0,1,1,0.0
477,2/22/2010,0,0,0,1,1.0
478,3/1/2010,0,0,0,1,0.0
479,3/8/2010,0,0,0,0,1.0
480,3/15/2010,0,0,0,0,0.0
481,3/22/2010,0,0,0,1,1.0
482,3/29/2010,0,0,1,1,1.0
483,4/5/2010,0,0,1,1,0.0
484,4/12/2010,0,0,0,0,1.0
485,4/19/2010,0,0,0,1,1.0
486,4/26/2010,1,0,0,1,1.0
487,5/3/2010,1,0,0,1,1.0
488,5/10/2010,0,0,0,1,0.0
489,5/17/2010,0,0,0,0,1.0
490,5/24/2010,0,0,1,1,1.0
491,5/31/2010,1,0,1,1,1.0
492,6/7/2010,1,0,1,0,1.0
493,6/14/2010,0,0,0,1,0.0
494,6/21/2010,0,0,0,1,0.0
495,6/28/2010,0,0,0,0,1.0
496,7/5/2010,0,0,0,1,0.0
497,7/12/2010,0,0,0,0,0.0
498,7/19/2010,-1,0,0,0,0.0
499,7/26/2010,0,0,1,1,1.0
500,8/2/2010,0,0,1,1,1.0
501,8/9/2010,1,0,0,1,1.0
502,8/16/2010,1,0,0,0,1.0
503,8/23/2010,1,0,0,1,1.0
504,8/30/2010,0,0,0,1,0.0
505,9/6/2010,0,0,0,0,1.0
506,9/13/2010,0,0,0,1,1.0
507,9/20/2010,1,0,0,1,1.0
508,9/27/2010,1,0,1,1,1.0
509,10/4/2010,1,0,0,1,1.0
510,10/11/2010,0,0,0,1,0.0
511,10/18/2010,0,0,0,0,1.0
512,10/25/2010,0,0,0,1,1.0
513,11/1/2010,0,0,0,1,0.0
514,11/8/2010,0,0,0,0,0.0
515,11/15/2010,0,0,0,1,1.0
516,11/22/2010,0,0,1,0,1.0
517,11/29/2010,0,0,1,1,0.0
518,12/6/2010,0,0,1,0,0.0
519,12/13/2010,0,0,0,0,1.0
520,12/20/2010,0,0,0,0,1.0
521,12/27/2010,0,0,0,1,0.0
522,1/3/2011,0,0,0,0,0.0
523,1/10/2011,-1,0,0,0,0.0
524,1/17/2011,-1,0,0,0,0.0
525,1/24/2011,0,0,1,1,1.0
526,1/31/2011,0,0,1,1,1.0
527,2/7/2011,1,0,1,1,1.0
528,2/14/2011,1,0,0,1,1.0
529,2/21/2011,1,0,0,1,1.0
530,2/28/2011,0,0,0,1,0.0
531,3/7/2011,0,0,0,0,0.0
532,3/14/2011,0,0,0,1,1.0
533,3/21/2011,0,0,0,0,1.0
534,3/28/2011,1,0,1,1,1.0
535,4/4/2011,1,0,1,1,1.0
536,4/11/2011,1,0,0,1,1.0
537,4/18/2011,1,0,0,1,1.0
538,4/25/2011,0,0,0,1,0.0
539,5/2/2011,0,0,0,0,1.0
540,5/9/2011,0,0,0,0,1.0
541,5/16/2011,1,0,0,1,1.0
542,5/23/2011,1,0,1,1,1.0
543,5/30/2011,0,0,1,1,0.0
544,6/6/2011,0,0,1,0,1.0
545,6/13/2011,0,0,0,1,0.0
546,6/20/2011,0,0,0,0,0.0
547,6/27/2011,0,0,0,0,1.0
548,7/4/2011,0,0,0,1,1.0
549,7/11/2011,1,0,0,1,1.0
550,7/18/2011,1,0,0,1,1.0
551,7/25/2011,1,0,1,1,1.0
552,8/1/2011,1,1,1,1,1.0
553,8/8/2011,1,1,1,0,1.0
554,8/15/2011,0,0,0,1,0.0
555,8/22/2011,0,0,1,0,1.0
556,8/29/2011,0,0,0,1,0.0
557,9/5/2011,0,0,0,1,0.0
558,9/12/2011,-1,-1,0,1,0.0
559,9/19/2011,-1,0,0,0,0.0
560,9/26/2011,0,0,1,1,1.0
561,10/3/2011,0,0,0,0,1.0
562,10/10/2011,0,0,0,1,0.0
563,10/17/2011,0,1,0,0,1.0
564,10/24/2011,0,0,0,1,1.0
565,10/31/2011,1,0,0,1,1.0
566,11/7/2011,0,0,0,1,0.0
567,11/14/2011,0,0,0,0,0.0
568,11/21/2011,0,0,0,0,1.0
569,11/28/2011,0,0,1,1,0.0
570,12/5/2011,0,-1,0,0,0.0
571,12/12/2011,0,0,0,0,1.0
572,12/19/2011,0,0,0,0,0.0
573,12/26/2011,0,0,0,1,1.0
574,1/2/2012,0,0,0,1,1.0
575,1/9/2012,1,0,0,0,1.0
576,1/16/2012,1,0,0,1,1.0
577,1/23/2012,1,0,1,1,1.0
578,1/30/2012,0,0,1,0,0.0
579,2/6/2012,0,0,0,0,1.0
580,2/13/2012,0,0,0,1,1.0
581,2/20/2012,0,0,0,1,0.0
582,2/27/2012,0,0,0,0,1.0
583,3/5/2012,0,0,0,1,0.0
584,3/12/2012,0,0,0,0,1.0
585,3/19/2012,0,0,0,1,1.0
586,3/26/2012,0,0,1,1,0.0
587,4/2/2012,0,0,1,0,1.0
588,4/9/2012,0,0,0,1,0.0
589,4/16/2012,0,0,0,0,1.0
590,4/23/2012,0,0,0,1,0.0
591,4/30/2012,0,0,0,0,0.0
592,5/7/2012,0,0,0,0,1.0
593,5/14/2012,0,0,0,1,0.0
594,5/21/2012,0,0,0,1,1.0
595,5/28/2012,0,0,1,1,0.0
596,6/4/2012,0,0,1,0,1.0
597,6/11/2012,0,0,0,1,0.0
598,6/18/2012,0,0,0,0,1.0
599,6/25/2012,0,0,0,1,0.0
600,7/2/2012,0,0,0,0,1.0
601,7/9/2012,0,0,0,1,0.0
602,7/16/2012,0,0,0,0,1.0
603,7/23/2012,0,0,1,1,0.0
604,7/30/2012,0,0,1,1,1.0
605,8/6/2012,0,0,0,1,0.0
606,8/13/2012,0,0,0,1,1.0
607,8/20/2012,0,0,0,1,1.0
608,8/27/2012,1,0,0,1,1.0
609,9/3/2012,1,0,0,1,1.0
610,9/10/2012,1,0,0,1,1.0
611,9/17/2012,0,0,0,1,0.0
612,9/24/2012,0,0,1,1,1.0
613,10/1/2012,0,0,0,0,0.0
614,10/8/2012,0,0,0,0,0.0
615,10/15/2012,-1,0,0,0,0.0
616,10/22/2012,-1,0,0,0,0.0
617,10/29/2012,0,0,0,0,1.0
618,11/5/2012,0,0,0,1,0.0
619,11/12/2012,0,0,0,0,1.0
620,11/19/2012,0,0,0,1,0.0
621,11/26/2012,0,0,1,0,0.0
622,12/3/2012,-1,0,1,1,0.0
623,12/10/2012,-1,0,0,0,0.0
624,12/17/2012,-1,0,0,0,0.0
625,12/24/2012,-1,0,0,0,0.0
626,12/31/2012,0,0,0,0,1.0
627,1/7/2013,0,0,0,0,1.0
628,1/14/2013,0,0,0,1,0.0
629,1/21/2013,0,0,0,0,1.0
630,1/28/2013,0,0,1,1,0.0
631,2/4/2013,0,0,0,0,0.0
632,2/11/2013,-1,0,0,0,0.0
633,2/18/2013,-1,0,0,0,0.0
634,2/25/2013,0,0,0,0,1.0
635,3/4/2013,0,0,0,1,1.0
636,3/11/2013,1,0,0,1,1.0
637,3/18/2013,0,0,0,0,0.0
638,3/25/2013,0,0,1,0,0.0
639,4/1/2013,-1,0,1,1,0.0
640,4/8/2013,-1,-1,0,0,0.0
641,4/15/2013,0,0,0,0,1.0
642,4/22/2013,0,0,0,1,1.0
643,4/29/2013,0,0,0,1,0.0
644,5/6/2013,0,-1,0,0,0.0
645,5/13/2013,0,0,0,0,1.0
646,5/20/2013,0,0,0,1,1.0
647,5/27/2013,0,0,1,0,0.0
648,6/3/2013,0,0,1,0,1.0
649,6/10/2013,0,-1,0,1,0.0
650,6/17/2013,0,-1,0,0,0.0
651,6/24/2013,-1,0,1,0,0.0
652,7/1/2013,0,1,0,0,1.0
653,7/8/2013,0,0,0,1,1.0
654,7/15/2013,1,0,0,1,1.0
655,7/22/2013,0,0,0,0,0.0
656,7/29/2013,0,0,1,0,1.0
657,8/5/2013,0,0,1,1,1.0
658,8/12/2013,1,0,0,1,1.0
659,8/19/2013,1,0,0,1,1.0
660,8/26/2013,0,0,0,0,0.0
661,9/2/2013,0,-1,0,0,0.0
662,9/9/2013,0,0,0,0,1.0
663,9/16/2013,0,0,0,0,1.0
664,9/23/2013,0,0,1,1,0.0
665,9/30/2013,0,0,0,0,0.0
666,10/7/2013,0,0,0,0,1.0
667,10/14/2013,0,0,0,1,1.0
668,10/21/2013,0,0,0,1,0.0
669,10/28/2013,0,0,0,0,0.0
670,11/4/2013,0,0,0,0,1.0
671,11/11/2013,0,0,0,1,0.0
672,11/18/2013,0,0,0,0,1.0
673,11/25/2013,0,0,1,1,0.0
674,12/2/2013,0,0,1,0,1.0
675,12/9/2013,0,0,0,0,0.0
676,12/16/2013,0,0,0,0,1.0
677,12/23/2013,0,0,0,1,1.0
678,12/30/2013,1,0,0,1,1.0
679,1/6/2014,1,0,0,1,1.0
680,1/13/2014,1,0,0,1,1.0
681,1/20/2014,0,0,0,1,0.0
682,1/27/2014,0,0,1,0,1.0
683,2/3/2014,0,0,1,1,1.0
684,2/10/2014,1,0,0,1,1.0
685,2/17/2014,0,0,0,1,0.0
686,2/24/2014,0,0,0,0,1.0
687,3/3/2014,0,0,0,0,1.0
688,3/10/2014,0,0,0,1,0.0
689,3/17/2014,0,0,0,0,0.0
690,3/24/2014,0,0,1,0,1.0
691,3/31/2014,0,0,1,1,1.0
692,4/7/2014,0,0,0,1,0.0
693,4/14/2014,0,0,0,0,1.0
694,4/21/2014,0,0,0,1,1.0
695,4/28/2014,0,0,0,1,0.0
696,5/5/2014,0,0,0,0,1.0
697,5/12/2014,0,0,0,0,0.0
698,5/19/2014,0,0,0,1,0.0
699,5/26/2014,0,0,1,0,1.0
700,6/2/2014,0,0,1,1,1.0
701,6/9/2014,1,0,0,1,1.0
702,6/16/2014,1,0,0,1,1.0
703,6/23/2014,1,0,0,1,1.0
704,6/30/2014,1,0,0,0,1.0
705,7/7/2014,0,0,0,1,0.0
706,7/14/2014,0,0,0,0,0.0
707,7/21/2014,-1,0,0,1,0.0
708,7/28/2014,0,0,1,0,1.0
709,8/4/2014,0,0,1,1,0.0
710,8/11/2014,0,0,0,1,0.0
711,8/18/2014,0,0,0,0,1.0
712,8/25/2014,0,0,0,1,0.0
713,9/1/2014,0,0,0,0,0.0
714,9/8/2014,-1,0,0,0,0.0
715,9/15/2014,-1,0,0,0,0.0
716,9/22/2014,-1,0,1,0,0.0
717,9/29/2014,0,0,1,0,1.0
718,10/6/2014,0,0,0,1,1.0
719,10/13/2014,0,0,0,1,0.0
720,10/20/2014,0,0,0,0,0.0
721,10/27/2014,-1,0,0,0,0.0
722,11/3/2014,0,0,0,1,1.0
723,11/10/2014,0,0,0,1,1.0
724,11/17/2014,0,0,0,1,0.0
725,11/24/2014,0,0,1,0,1.0
726,12/1/2014,0,0,1,1,1.0
727,12/8/2014,0,0,0,1,0.0
728,12/15/2014,0,0,0,0,0.0
729,12/22/2014,-1,0,0,1,0.0
730,12/29/2014,0,0,0,0,1.0
731,1/5/2015,0,1,0,1,1.0
732,1/12/2015,1,0,0,1,1.0
733,1/19/2015,0,0,0,1,0.0
734,1/26/2015,0,0,1,1,0.0
735,2/2/2015,-1,0,1,0,0.0
736,2/9/2015,-1,0,0,0,0.0
737,2/16/2015,0,0,0,0,1.0
738,2/23/2015,0,0,0,1,0.0
739,3/2/2015,0,0,0,0,0.0
740,3/9/2015,0,0,0,0,1.0
741,3/16/2015,0,0,0,1,1.0
742,3/23/2015,1,0,1,1,1.0
743,3/30/2015,1,0,1,1,1.0
744,4/6/2015,0,0,0,0,0.0
745,4/13/2015,0,0,0,1,0.0
746,4/20/2015,-1,0,0,0,0.0
747,4/27/2015,0,0,0,0,1.0
748,5/4/2015,0,0,0,1,1.0
749,5/11/2015,0,0,0,1,0.0
750,5/18/2015,0,0,0,0,0.0
751,5/25/2015,-1,0,1,1,0.0
752,6/1/2015,0,0,1,0,1.0
753,6/8/2015,0,0,0,0,1.0
754,6/15/2015,0,0,0,1,0.0
755,6/22/2015,0,0,0,0,0.0
756,6/29/2015,-1,0,0,0,0.0
757,7/6/2015,-1,0,0,0,0.0
758,7/13/2015,-1,0,0,0,0.0
759,7/20/2015,0,0,0,0,1.0
760,7/27/2015,0,0,1,1,0.0
761,8/3/2015,0,0,1,1,1.0
762,8/10/2015,0,0,1,1,1.0
763,8/17/2015,0,0,0,1,0.0
764,8/24/2015,0,0,0,0,0.0
765,8/31/2015,-1,0,0,0,0.0
766,9/7/2015,0,0,0,0,1.0
767,9/14/2015,0,0,0,1,1.0
768,9/21/2015,0,0,0,1,0.0
769,9/28/2015,0,0,1,1,1.0
770,10/5/2015,0,0,0,1,1.0
771,10/12/2015,0,0,0,1,0.0
772,10/19/2015,0,0,0,0,0.0
773,10/26/2015,-1,0,0,0,0.0
774,11/2/2015,-1,0,0,0,0.0
775,11/9/2015,-1,0,0,0,0.0
776,11/16/2015,-1,0,0,0,0.0
777,11/23/2015,0,0,1,0,1.0
778,11/30/2015,0,0,1,1,0.0
779,12/7/2015,0,0,0,1,0.0
780,12/14/2015,0,0,0,1,1.0
781,12/21/2015,0,0,0,1,0.0
782,12/28/2015,0,0,0,0,1.0
783,1/4/2016,0,0,0,1,0.0
784,1/11/2016,0,0,0,1,1.0
785,1/18/2016,0,0,0,0,1.0
786,1/25/2016,1,0,1,1,1.0
787,2/1/2016,1,1,1,1,1.0
788,2/8/2016,0,0,1,1,0.0
789,2/15/2016,0,0,0,1,0.0
790,2/22/2016,0,0,1,0,1.0
791,2/29/2016,0,0,0,1,0.0
792,3/7/2016,0,0,0,0,0.0
793,3/14/2016,-1,0,0,1,0.0
794,3/21/2016,0,0,0,0,1.0
795,3/28/2016,0,0,1,0,1.0
796,4/4/2016,0,0,1,1,0.0
797,4/11/2016,0,0,0,0,0.0
798,4/18/2016,0,0,0,0,1.0
799,4/25/2016,0,0,0,1,1.0
800,5/2/2016,0,0,0,1,0.0
801,5/9/2016,0,0,0,0,0.0
802,5/16/2016,-1,0,0,0,0.0
803,5/23/2016,0,0,1,0,1.0
804,5/30/2016,0,0,1,1,1.0
805,6/6/2016,1,0,1,1,1.0
806,6/13/2016,1,0,0,0,1.0
807,6/20/2016,1,0,0,1,1.0
808,6/27/2016,1,0,0,1,1.0
809,7/4/2016,0,0,0,1,0.0
810,7/11/2016,0,0,0,0,0.0
811,7/18/2016,0,0,0,0,1.0
812,7/25/2016,0,0,1,1,0.0
813,8/1/2016,0,0,1,0,0.0
814,8/8/2016,0,0,0,0,1.0
815,8/15/2016,0,0,0,0,0.0
816,8/22/2016,0,0,0,0,1.0
817,8/29/2016,0,0,0,1,1.0
818,9/5/2016,0,0,0,0,0.0
819,9/12/2016,0,0,0,0,1.0
820,9/19/2016,0,0,0,1,0.0
821,9/26/2016,0,0,1,0,0.0
822,10/3/2016,0,0,1,0,1.0
823,10/10/2016,0,0,0,0,1.0
824,10/17/2016,1,0,0,1,1.0
825,10/24/2016,1,0,0,1,1.0
826,10/31/2016,0,-1,0,1,0.0
827,11/7/2016,0,0,0,0,0.0
828,11/14/2016,-1,0,0,0,0.0
829,11/21/2016,-1,0,0,0,0.0
830,11/28/2016,-1,0,1,0,0.0
831,12/5/2016,-1,0,0,0,0.0
832,12/12/2016,-1,0,0,0,0.0
833,12/19/2016,0,0,0,0,1.0
834,12/26/2016,0,0,1,1,1.0
835,1/2/2017,1,0,0,1,1.0
836,1/9/2017,1,0,0,1,1.0
837,1/16/2017,0,0,0,0,0.0
838,1/23/2017,0,0,1,0,1.0
839,1/30/2017,0,0,1,1,1.0
840,2/6/2017,1,0,1,1,1.0
841,2/13/2017,1,0,0,1,1.0
842,2/20/2017,0,0,0,1,0.0
843,2/27/2017,0,0,0,0,0.0
844,3/6/2017,0,0,0,0,1.0
845,3/13/2017,0,0,0,1,1.0
846,3/20/2017,0,0,0,1,0.0
847,3/27/2017,0,0,1,0,1.0
848,4/3/2017,0,0,1,0,1.0
849,4/10/2017,1,0,0,1,1.0
850,4/17/2017,0,0,0,1,0.0
851,4/24/2017,0,0,0,0,0.0
852,5/1/2017,0,0,0,0,1.0
853,5/8/2017,0,0,0,1,1.0
854,5/15/2017,1,0,0,1,1.0
855,5/22/2017,1,0,1,1,1.0
856,5/29/2017,0,0,1,1,0.0
857,6/5/2017,0,0,1,0,0.0
858,6/12/2017,0,0,0,0,1.0
859,6/19/2017,0,0,0,0,0.0
860,6/26/2017,0,0,0,0,0.0
861,7/3/2017,0,0,0,0,1.0
862,7/10/2017,0,0,0,1,1.0
863,7/17/2017,1,0,0,1,1.0
864,7/24/2017,0,0,1,1,0.0
865,7/31/2017,0,0,1,0,1.0
866,8/7/2017,0,0,0,1,0.0
867,8/14/2017,0,0,0,1,1.0
868,8/21/2017,0,0,0,1,1.0
869,8/28/2017,1,0,1,1,1.0
870,9/4/2017,0,0,0,1,0.0
871,9/11/2017,0,0,0,0,0.0
872,9/18/2017,-1,0,0,0,0.0
873,9/25/2017,-1,0,1,0,0.0
874,10/2/2017,0,0,0,1,1.0
875,10/9/2017,0,0,0,1,0.0
876,10/16/2017,0,0,0,0,0.0
877,10/23/2017,-1,0,0,0,0.0
878,10/30/2017,0,0,0,0,1.0
879,11/6/2017,0,0,0,0,1.0
880,11/13/2017,0,0,0,1,0.0
881,11/20/2017,0,0,0,1,0.0
882,11/27/2017,-1,0,1,0,0.0
883,12/4/2017,0,0,1,0,1.0
884,12/11/2017,0,0,0,1,1.0
885,12/18/2017,1,0,0,1,1.0
886,12/25/2017,1,0,0,1,1.0
887,1/1/2018,1,0,0,1,1.0
888,1/8/2018,0,0,0,1,0.0
889,1/15/2018,0,0,0,0,1.0
890,1/22/2018,0,0,1,1,0.0
891,1/29/2018,0,0,1,0,0.0
892,2/5/2018,0,0,0,0,1.0
893,2/12/2018,0,0,0,1,0.0
894,2/19/2018,0,0,0,0,0.0
895,2/26/2018,0,0,0,0,1.0
896,3/5/2018,0,0,0,0,0.0
897,3/12/2018,0,0,0,0,1.0
898,3/19/2018,0,0,0,1,0.0
899,3/26/2018,0,0,1,0,1.0
900,4/2/2018,0,0,1,0,1.0
901,4/9/2018,0,0,0,0,0.0
902,4/16/2018,0,0,0,0,0.0
903,4/23/2018,-1,0,0,0,0.0
904,4/30/2018,0,0,0,1,1.0
905,5/7/2018,0,0,0,1,0.0
906,5/14/2018,0,0,0,0,1.0
907,5/21/2018,0,0,0,1,0.0
908,5/28/2018,0,0,1,0,1.0
909,6/4/2018,0,0,0,1,0.0
910,6/11/2018,0,0,0,0,0.0
911,6/18/2018,-1,0,0,0,0.0
912,6/25/2018,0,0,0,0,1.0
913,7/2/2018,0,0,0,1,0.0
914,7/9/2018,0,0,0,0,0.0
915,7/16/2018,-1,0,0,1,0.0
916,7/23/2018,-1,0,1,0,0.0
917,7/30/2018,-1,0,1,0,0.0
918,8/6/2018,-1,0,0,1,0.0
919,8/13/2018,0,0,0,0,1.0
920,8/20/2018,0,0,0,1,0.0
921,8/27/2018,0,0,0,0,0.0
922,9/3/2018,0,0,0,0,1.0
923,9/10/2018,0,0,0,0,1.0
924,9/17/2018,0,0,0,0,0.0
925,9/24/2018,0,0,1,1,1.0
926,10/1/2018,0,0,0,1,1.0
927,10/8/2018,1,0,0,1,1.0
928,10/15/2018,1,0,0,0,1.0
929,10/22/2018,0,0,0,1,0.0
930,10/29/2018,0,0,0,1,0.0
931,11/5/2018,0,0,0,0,1.0
932,11/12/2018,0,0,0,1,1.0
933,11/19/2018,0,0,0,0,0.0
934,11/26/2018,0,0,1,1,1.0
935,12/3/2018,0,0,0,1,0.0
936,12/10/2018,0,0,0,0,1.0
937,12/17/2018,0,0,0,1,1.0
938,12/24/2018,1,0,0,1,1.0
939,12/31/2018,1,0,0,0,1.0
940,1/7/2019,0,0,0,1,0.0
941,1/14/2019,0,0,0,0,1.0
942,1/21/2019,0,0,0,1,1.0
943,1/28/2019,0,0,1,1,0.0
944,2/4/2019,0,0,0,1,1.0
945,2/11/2019,0,0,0,1,1.0
946,2/18/2019,0,0,0,0,0.0
947,2/25/2019,0,0,0,0,1.0
948,3/4/2019,0,0,0,1,1.0
949,3/11/2019,1,0,0,1,1.0
950,3/18/2019,0,0,0,1,0.0
951,3/25/2019,0,0,1,0,0.0
952,4/1/2019,0,0,0,1,1.0
953,4/8/2019,0,0,0,0,0.0
954,4/15/2019,0,0,0,0,1.0
955,4/22/2019,0,0,0,1,0.0
956,4/29/2019,0,0,0,1,1.0
957,5/6/2019,0,0,0,1,0.0
958,5/13/2019,0,0,0,0,1.0
959,5/20/2019,0,0,0,1,1.0
960,5/27/2019,1,0,1,1,1.0
961,6/3/2019,0,0,0,1,0.0
962,6/10/2019,0,0,0,1,1.0
963,6/17/2019,0,0,0,1,1.0
964,6/24/2019,0,0,0,0,0.0
965,7/1/2019,0,0,0,0,1.0
966,7/8/2019,0,0,0,1,1.0
967,7/15/2019,0,0,0,1,0.0
968,7/22/2019,0,0,0,0,1.0
969,7/29/2019,0,0,1,1,1.0
970,8/5/2019,1,0,0,1,1.0
971,8/12/2019,1,0,1,1,1.0
972,8/19/2019,0,0,0,1,0.0
973,8/26/2019,0,0,1,0,0.0
974,9/2/2019,-1,0,0,0,0.0
975,9/9/2019,0,0,0,0,1.0
976,9/16/2019,0,0,0,1,0.0
977,9/23/2019,0,0,1,0,1.0
978,9/30/2019,0,0,0,1,0.0
979,10/7/2019,0,0,0,0,1.0
980,10/14/2019,0,0,0,1,1.0
981,10/21/2019,1,0,0,1,1.0
982,10/28/2019,0,0,0,1,0.0
983,11/4/2019,0,0,0,0,1.0
984,11/11/2019,0,0,0,1,0.0
985,11/18/2019,0,0,0,0,1.0
986,11/25/2019,0,0,1,1,0.0
987,12/2/2019,0,0,1,0,1.0
988,12/9/2019,0,0,1,1,0.0
989,12/16/2019,0,0,0,0,1.0
990,12/23/2019,0,0,0,1,1.0
991,12/30/2019,1,0,0,1,1.0
992,1/6/2020,1,0,0,0,1.0
993,1/13/2020,1,0,0,1,1.0
994,1/20/2020,1,0,0,1,1.0
995,1/27/2020,0,0,1,1,0.0
996,2/3/2020,0,0,1,0,1.0
997,2/10/2020,0,0,0,1,1.0
998,2/17/2020,0,0,0,1,0.0
999,2/24/2020,0,1,1,0,1.0
1000,3/2/2020,0,-1,0,1,0.0
1001,3/9/2020,0,0,0,0,0.0
1002,3/16/2020,0,1,0,0,1.0
1003,3/23/2020,0,0,1,1,1.0
1004,3/30/2020,1,1,1,1,1.0
1005,4/6/2020,0,0,1,1,0.0
1006,4/13/2020,0,0,0,0,1.0
1007,4/20/2020,0,0,0,1,0.0
1008,4/27/2020,0,0,0,0,1.0
1009,5/4/2020,0,0,0,1,1.0
1010,5/11/2020,0,0,0,1,0.0
1011,5/18/2020,0,0,0,0,1.0
1012,5/25/2020,0,0,1,1,0.0
1013,6/1/2020,0,0,1,0,1.0
1014,6/8/2020,0,0,0,1,1.0
1015,6/15/2020,1,0,0,1,1.0
1016,6/22/2020,1,0,1,1,1.0
1017,6/29/2020,1,0,0,1,1.0
1018,7/6/2020,1,0,0,0,1.0
1019,7/13/2020,1,0,0,1,1.0
1020,7/20/2020,1,0,0,1,1.0
1021,7/27/2020,1,0,1,1,1.0
1022,8/3/2020,0,0,1,1,0.0
1023,8/10/2020,0,0,0,0,0.0
1024,8/17/2020,0,0,0,0,1.0
1025,8/24/2020,0,0,0,1,0.0
1026,8/31/2020,0,0,0,0,1.0
1027,9/7/2020,0,0,0,1,1.0
1028,9/14/2020,0,0,0,1,0.0
1029,9/21/2020,0,0,0,0,1.0
1030,9/28/2020,0,0,1,1,1.0
1031,10/5/2020,0,0,0,1,0.0
1032,10/12/2020,0,0,0,0,1.0
1033,10/19/2020,0,0,0,0,0.0
1034,10/26/2020,0,0,0,0,1.0
1035,11/2/2020,0,0,0,1,0.0
1036,11/9/2020,0,0,0,0,0.0
1037,11/16/2020,-1,0,0,1,0.0
1038,11/23/2020,0,0,1,0,1.0
1039,11/30/2020,0,0,1,1,1.0
1040,12/7/2020,1,0,0,0,1.0
1041,12/14/2020,0,0,0,1,0.0
1042,12/21/2020,0,0,0,0,1.0
1043,12/28/2020,0,0,0,1,
