Date,Open,High,Low,Close,Volume,Profit,Did_Win
1/1/2001,268.399994,268.399994,267.299988,268,2,-4.100006,0
1/8/2001,268,268,263.899994,263.899994,0,0.399994,1
1/15/2001,263.299988,264.299988,263.200012,264.299988,0,-1.5,0
1/22/2001,266.399994,266.399994,262.799988,262.799988,0,4.300018,1
1/29/2001,262.799988,268.899994,262.799988,267.100006,18326,-7.200012,0
2/5/2001,265.100006,265.799988,259,259.899994,396,-1.699982,0
2/12/2001,262.5,262.5,255,258.200012,72,2.699982,1
2/19/2001,256.100006,260.899994,255,260.899994,80,1.200012,1
2/26/2001,262,267.399994,261.5,262.100006,1,8.699982,1
3/5/2001,262.5,270.799988,259,270.799988,31,-12.699982,0
3/12/2001,271.600006,271.600006,257,258.100006,10,3.399994,1
3/19/2001,259.799988,261.899994,259.799988,261.5,1,-3.600006,0
3/26/2001,261.899994,261.899994,256.600006,257.899994,31119,2.100006,1
4/2/2001,257.200012,260.5,255,260,1193,0.100006,1
4/9/2001,260.5,261,256.5,260.100006,174,4.699982,1
4/16/2001,260.5,265.299988,259.5,264.799988,226,-0.899994,0
4/23/2001,263.600006,265,262,263.899994,140,2.200012,1
4/30/2001,264,266.299988,264,266.100006,0,1.799988,1
5/7/2001,266.100006,270,265.100006,267.899994,0,19.5,1
5/14/2001,268.299988,287.399994,268.100006,287.399994,0,-9.5,0
5/21/2001,285.399994,285.399994,277.899994,277.899994,12,-11.5,0
5/28/2001,273.799988,275,264.200012,266.399994,33089,7,1
6/4/2001,266.899994,274.200012,264.5,273.399994,645,-2.199982,0
6/11/2001,271.100006,276,266.5,271.200012,356,1.099976,1
6/18/2001,272,273.600006,271,272.299988,90,-1.699982,0
6/25/2001,275,277,269.299988,270.600006,8,-4.700012,0
7/2/2001,269.399994,269.399994,263.700012,265.899994,72,1.200012,1
7/9/2001,266.5,268.299988,266.200012,267.100006,5,2.799988,1
7/16/2001,266.899994,270.399994,266.899994,269.899994,10,-2.5,0
7/23/2001,268.799988,269.700012,266.200012,267.399994,17975,0.5,1
7/30/2001,267.299988,268.5,264.100006,267.899994,2914,6,1
8/6/2001,267.799988,275.799988,265.899994,273.899994,993,5.399994,1
8/13/2001,275.200012,279.299988,273.200012,279.299988,52,-6.799988,0
8/20/2001,277.200012,277.200012,272.5,272.5,62,1.899994,1
8/27/2001,272.5,275.399994,272.299988,274.399994,56,-1.299988,0
9/3/2001,271.600006,273.100006,271.600006,273.100006,0,17.100006,1
9/10/2001,271.600006,290.200012,271.600006,290.200012,0,1.699982,1
9/17/2001,289.799988,291.899994,288.100006,291.899994,2,0.5,1
9/24/2001,289.799988,294,289,292.399994,3135,-1,0
10/1/2001,291.799988,292.899994,289.899994,291.399994,362,-6.5,0
10/8/2001,292,292.700012,280.5,284.899994,265,-4.799988,0
10/15/2001,282.700012,283.399994,279,280.100006,209,-2.200012,0
10/22/2001,275.5,277.899994,275.5,277.899994,49,1.899994,1
10/29/2001,278.5,281.200012,278.5,279.799988,8,-2.399994,0
11/5/2001,278.5,281,276.799988,277.399994,96,-2.699982,0
11/12/2001,278.299988,278.299988,274.700012,274.700012,4,-1.800018,0
11/19/2001,272.700012,273,272.700012,272.899994,0,1,1
11/26/2001,272.299988,275.5,272.299988,273.899994,27849,0,0
12/3/2001,273.5,277.5,273,273.899994,1352,4.100006,1
12/10/2001,272.5,278.5,271.200012,278,588,0,0
12/17/2001,278.200012,281.299988,275.5,278,211,-1.5,0
12/24/2001,278.299988,280.899994,276.5,276.5,4,2.399994,1
12/31/2001,276.799988,278.899994,276.799988,278.899994,8,8.5,1
1/7/2002,278.600006,287.399994,278.600006,287.399994,7,-4.299988,0
1/14/2002,285.399994,287.299988,283.100006,283.100006,10,-4.300018,0
1/21/2002,281.5,281.5,278.100006,278.799988,8,7.200012,1
1/28/2002,278.299988,287.5,278.299988,286,29118,17.5,1
2/4/2002,286,308,285.399994,303.5,2069,-5.100006,0
2/11/2002,303.5,303.5,296.700012,298.399994,1127,-5.199982,0
2/18/2002,297,297.299988,290.799988,293.200012,223,4.799988,1
2/25/2002,292.700012,298,291.5,298,9,-7.899994,0
3/4/2002,296.700012,298,290.100006,290.100006,81,-0.200012,0
3/11/2002,291.100006,293.600006,289.899994,289.899994,44,7.399994,1
3/18/2002,292.100006,297.299988,292.100006,297.299988,6,5.300018,1
3/25/2002,297.399994,304.5,296.299988,302.600006,29334,-2.5,0
4/1/2002,302.600006,306.799988,298.700012,300.100006,1146,2,1
4/8/2002,299,303.200012,297.700012,302.100006,467,0.199982,1
4/15/2002,303.299988,306,297.5,302.299988,280,9.300018,1
4/22/2002,304.100006,312.5,302.799988,311.600006,333,0.600006,1
4/29/2002,311.200012,312.200012,308.299988,312.200012,0,-1.200012,0
5/6/2002,311.200012,311.600006,307.5,311,2,-0.399994,0
5/13/2002,311,311,306.799988,310.600006,7,9.799988,1
5/20/2002,315.700012,322.5,315.700012,320.399994,0,6.100006,1
5/27/2002,323.899994,329,323.5,326.5,29734,-1.899994,0
6/3/2002,326.600006,330.299988,320.100006,324.600006,3711,-5.5,0
6/10/2002,323,323.899994,316,319.100006,954,5.5,1
6/17/2002,318,325.200012,317,324.600006,845,-11.100006,0
6/24/2002,326.5,327.299988,313.5,313.5,307,-2.600006,0
7/1/2002,314,315.299988,310.899994,310.899994,22,4.700012,1
7/8/2002,313.299988,317.200012,312.100006,315.600006,12,8.299988,1
7/15/2002,320.5,323.899994,317,323.899994,474,-20.5,0
7/22/2002,323.600006,323.600006,303.399994,303.399994,3,3.600006,1
7/29/2002,302.5,307.899994,298,307,28628,7.200012,1
8/5/2002,307.5,315.5,304.799988,314.200012,483,-0.5,0
8/12/2002,313.799988,318,311,313.700012,1085,-7,0
8/19/2002,313.100006,313.100006,304.899994,306.700012,873,5.699982,1
8/26/2002,310.5,312.899994,308.5,312.399994,206,7.5,1
9/2/2002,312.5,320,312.5,319.899994,7,-3.299988,0
9/9/2002,321.299988,321.299988,316.600006,316.600006,0,5.299988,1
9/16/2002,317.100006,322.600006,317,321.899994,7,-2.199982,0
9/23/2002,323,325.899994,319,319.700012,4343,2.399994,1
9/30/2002,320.700012,324.200012,319.600006,322.100006,3047,-5.800018,0
10/7/2002,322,322.200012,316.299988,316.299988,80,-3.599976,0
10/14/2002,318,318,311.5,312.700012,610,0.699982,1
10/21/2002,310.899994,314,309.799988,313.399994,140,5.399994,1
10/28/2002,314,318.799988,314,318.799988,15,2.5,1
11/4/2002,318.299988,321.5,317.5,321.299988,2,-0.599976,0
11/11/2002,321.200012,324.5,317.5,320.700012,4,0,0
11/18/2002,319.200012,320.700012,317.200012,320.700012,6,-3.900024,0
11/25/2002,316.5,318.899994,316.5,316.799988,54539,9.5,1
12/2/2002,318.100006,328,315.5,326.299988,2766,6.900024,1
12/9/2002,325.700012,336,323,333.200012,920,7.299988,1
12/16/2002,334,349.200012,332.5,340.5,391,8.700012,1
12/23/2002,344.5,350.5,342,349.200012,365,2,1
12/30/2002,350.399994,351.200012,341,351.200012,14,3.299988,1
1/6/2003,351.700012,354.5,346.299988,354.5,9,2.100006,1
1/13/2003,352,357.700012,350,356.600006,1,11.600006,1
1/20/2003,357.299988,368.200012,356.200012,368.200012,65,0.099976,1
1/27/2003,371,372,362.600006,368.299988,8220,1.600006,1
2/3/2003,368,388.899994,367.5,369.899994,3672,-18,0
2/10/2003,370.399994,372,349,351.899994,2358,-0.100006,0
2/17/2003,347.799988,355,342,351.799988,764,-1.599976,0
2/24/2003,353.899994,359,346.100006,350.200012,134,0.599976,1
3/3/2003,349.200012,356.799988,349.200012,350.799988,0,-14.299988,0
3/10/2003,354.700012,354.700012,335.899994,336.5,6,-10.5,0
3/17/2003,343,343,326,326,29,2.700012,1
3/24/2003,329.5,331.5,328.399994,328.700012,4039,-3.400024,0
3/31/2003,331.600006,338.399994,323,325.299988,3543,2.600006,1
4/7/2003,321,327.899994,319.299988,327.899994,1262,-0.699982,0
4/14/2003,325.600006,328.299988,322.5,327.200012,190,6.199982,1
4/21/2003,329.700012,336.5,329.5,333.399994,120,7.600006,1
4/28/2003,335,342.200012,333,341,10,7.600006,1
5/5/2003,342.299988,348.200012,342.100006,348.600006,18,6.100006,1
5/12/2003,351.600006,352.700012,350,354.700012,5,14.099976,1
5/19/2003,364.200012,368.799988,364.200012,368.799988,5,-4.299988,0
5/26/2003,367.799988,370,358.600006,364.5,163995,-0.799988,0
6/2/2003,360,370,360,363.700012,6167,-7.100006,0
6/9/2003,362.799988,366.100006,351,356.600006,2578,-0.300018,0
6/16/2003,359.100006,365,356,356.299988,895,-11.099976,0
6/23/2003,355.899994,357.299988,343.399994,345.200012,779,5.799988,1
6/30/2003,345.299988,351.399994,345.299988,351,12,-6.200012,0
7/7/2003,351,351,343.600006,344.799988,13,2.400024,1
7/14/2003,344.5,347.700012,342.100006,347.200012,540,15.5,1
7/21/2003,350.899994,362.700012,350.600006,362.700012,500,-16.600006,0
7/28/2003,362.700012,364.799988,346,346.100006,87543,10.199982,1
8/4/2003,346.5,357.5,346.299988,356.299988,2827,6.900024,1
8/11/2003,359.600006,366,357.200012,363.200012,125,-0.100006,0
8/18/2003,360,367,357,363.100006,284,12.600006,1
8/25/2003,364,375,361,375.700012,232,1.899994,1
9/1/2003,375,377.600006,372.899994,377.600006,32,-1.800018,0
9/8/2003,375.100006,381.700012,375.100006,375.799988,26,6,1
9/15/2003,375.399994,381.799988,373.5,381.799988,5,-1,0
9/22/2003,387.200012,387.5,380.799988,380.799988,7326,-11.399994,0
9/29/2003,381,388.700012,368,369.399994,9755,4.200012,1
10/6/2003,371.5,377.799988,369,373.600006,1923,-1.800018,0
10/13/2003,371.299988,375.799988,369.5,371.799988,70,17.100006,1
10/20/2003,373.5,394,373,388.899994,375,-4.399994,0
10/27/2003,387.799988,389,380.799988,384.5,289,-1.200012,0
11/3/2003,382.799988,383.299988,377,383.299988,15,14.5,1
11/10/2003,386.600006,397.799988,386.600006,397.799988,209,-1.799988,0
11/17/2003,397.600006,398,393.700012,396,406,0.799988,1
11/24/2003,391.5,402,389.5,396.799988,164373,9.600006,1
12/1/2003,397.200012,406.799988,397,406.399994,6814,3,1
12/8/2003,409,412,402.700012,409.399994,2559,-0.199982,0
12/15/2003,401.600006,413.200012,401.600006,409.200012,489,3.099976,1
12/22/2003,409.600006,413.200012,409.600006,412.299988,402,3.400024,1
12/29/2003,414.100006,417.200012,413,415.700012,3,10.699982,1
1/5/2004,415.700012,424.299988,422,426.399994,100,-19.699982,0
1/12/2004,425.799988,428.200012,408.299988,406.700012,51,1.199982,1
1/19/2004,406.700012,412.600006,406.700012,407.899994,18,-5.699982,0
1/26/2004,406.600006,414.5,396.5,402.200012,132494,1.399994,1
2/2/2004,403,407,394,403.600006,4557,6.699982,1
2/9/2004,403.799988,416,403.799988,410.299988,598,-12.799988,0
2/16/2004,414,415.399994,395,397.5,464,-1.100006,0
2/23/2004,399,404.799988,395,396.399994,312,4.899994,1
3/1/2004,396.399994,401,391.100006,401.299988,197,-6,0
3/8/2004,399.5,402.399994,395.299988,395.299988,27,17.200012,1
3/15/2004,399.399994,412,399.399994,412.5,45,9.600006,1
3/22/2004,417.399994,422,416,422.100006,22,-0.5,0
3/29/2004,422.100006,432,416.5,421.600006,108471,-1.700012,0
4/5/2004,421.600006,423.600006,414,419.899994,1945,-18.899994,0
4/12/2004,421.100006,422.100006,396.5,401,1206,-5.899994,0
4/19/2004,404.600006,404.600006,390,395.100006,279,-8.100006,0
4/26/2004,396.5,399,380,387,133,-8.299988,0
5/3/2004,387,392,377,378.700012,10,-1.700012,0
5/10/2004,378.600006,378.600006,376.899994,377,25,7.799988,1
5/17/2004,379.5,384.799988,375.799988,384.799988,0,9.200012,1
5/24/2004,385.600006,396.299988,385.600006,394,144800,-3.100006,0
5/31/2004,393.899994,399,385.5,390.899994,3636,-5,0
6/7/2004,392.600006,395,383,385.899994,1355,9.200012,1
6/14/2004,383.600006,396.399994,383,395.100006,487,7.799988,1
6/21/2004,394.600006,403.700012,393.200012,402.899994,576,-4.600006,0
6/28/2004,403,405,394.299988,398.299988,319,9.200012,1
7/5/2004,398.299988,407.899994,393,407.5,47,-0.899994,0
7/12/2004,407.5,408.100006,402,406.600006,75,-16.100006,0
7/19/2004,406.600006,406.600006,391,390.5,64,0.5,1
7/26/2004,389.899994,392,385,391,116223,8.799988,1
8/2/2004,394,401.5,388.799988,399.799988,4183,-0.899994,0
8/9/2004,399.100006,401.299988,393.299988,398.899994,728,14.300018,1
8/16/2004,399,412.799988,399,413.200012,939,-9.900024,0
8/23/2004,411.299988,411.799988,403,403.299988,262,-2.799988,0
8/30/2004,407,410.399994,400.5,400.5,296,1.399994,1
9/6/2004,398,402,396.799988,401.899994,220,3.899994,1
9/13/2004,404.100006,405.799988,404,405.799988,235,2.300018,1
9/20/2004,403.600006,410.899994,403.600006,408.100006,220,11.399994,1
9/27/2004,409.100006,419.100006,409.100006,419.5,15568,3.600006,1
10/4/2004,419,425,411.5,423.100006,845,-4.399994,0
10/11/2004,422.200012,422.200012,410.299988,418.700012,545,5.899994,1
10/18/2004,419,425.100006,417.100006,424.600006,218,3.899994,1
10/25/2004,429,430,423.5,428.5,871,5.100006,1
11/1/2004,427.299988,433.600006,424.600006,433.600006,1595,4.299988,1
11/8/2004,432.700012,437.899994,432.700012,437.899994,325,8.899994,1
11/15/2004,437,446.799988,437,446.799988,1,2.5,1
11/22/2004,446.899994,449.299988,446.899994,449.299988,110725,6.700012,1
11/29/2004,450.799988,456.5,447,456,76294,-22.100006,0
12/6/2004,454.399994,456.100006,432.600006,433.899994,4845,7.700012,1
12/13/2004,437,442.600006,435.399994,441.600006,1509,0.299988,1
12/20/2004,442.5,444,439,441.899994,686,-4.399994,0
12/27/2004,444,445.899994,438.899994,437.5,356,-18.600006,0
1/3/2005,431,431,418.700012,418.899994,116,3.800018,1
1/10/2005,419.100006,424.700012,419.100006,422.700012,24,4,1
1/17/2005,423.200012,426.5,421.799988,426.700012,80,-0.900024,0
1/24/2005,426.899994,427.5,422,425.799988,108265,-11.799988,0
1/31/2005,426,426.5,413.700012,414,9638,6.5,1
2/7/2005,414.100006,422,410.100006,420.5,4464,6.600006,1
2/14/2005,420,428,422.299988,427.100006,1040,7.799988,1
2/21/2005,426.5,436,426.5,434.899994,167,-0.699982,0
2/28/2005,435.5,435.5,429.899994,434.200012,19,12,1
3/7/2005,435,446.399994,435,446.200012,1,-6.900024,0
3/14/2005,441.100006,443.700012,438.700012,439.299988,0,-14.599976,0
3/21/2005,431.100006,431.299988,424.700012,424.700012,116,1.199982,1
3/28/2005,425.899994,428.700012,424.5,425.899994,3603,1,1
4/4/2005,426,428.5,422.700012,426.899994,1091,-2,0
4/11/2005,426,430.200012,423.200012,424.899994,390,9.399994,1
4/18/2005,423.600006,435.799988,423.600006,434.299988,339,0.700012,1
4/25/2005,432.700012,438.200012,432.700012,435,207,-8.899994,0
5/2/2005,429.5,429.799988,426.700012,426.100006,17,-5.899994,0
5/9/2005,426.200012,427.200012,420.200012,420.200012,0,-2.800018,0
5/16/2005,418.899994,421.5,416.5,417.399994,4,2.399994,1
5/23/2005,416.600006,420,416.600006,419.799988,123994,3.900024,1
5/30/2005,418,425.5,413.200012,423.700012,12710,3.699982,1
6/6/2005,423.600006,428.5,422,427.399994,1127,10.899994,1
6/13/2005,428.299988,439.299988,426.5,438.299988,345,2.200012,1
6/20/2005,440,442.5,437.5,440.5,252,-12.700012,0
6/27/2005,440.700012,440.700012,427.799988,427.799988,10,-4.899994,0
7/4/2005,422.899994,423.799988,422.899994,422.899994,141,-2.199982,0
7/11/2005,425.5,426.299988,419.600006,420.700012,140,4,1
7/18/2005,420.399994,425.399994,419.700012,424.700012,0,5.199982,1
7/25/2005,425.700012,430.5,423.399994,429.899994,44293,7.300018,1
8/1/2005,430,439,429.100006,437.200012,1434,8.699982,1
8/8/2005,437,449.5,432.5,445.899994,765,-8.699982,0
8/15/2005,441.399994,443.299988,438,437.200012,690,0.199982,1
8/22/2005,437,439.700012,437,437.399994,149,6.800018,1
8/29/2005,438.5,444.200012,431.200012,444.200012,55,4.799988,1
9/5/2005,444.399994,449,444.399994,449,1022,10.5,1
9/12/2005,449.700012,459.5,446.100006,459.5,30,4,1
9/19/2005,466.700012,468.899994,466.200012,463.5,14,5.5,1
9/26/2005,463.899994,474,462.600006,469,10731,5.700012,1
10/3/2005,467.799988,475.5,463.5,474.700012,1268,-5.5,0
10/10/2005,474.799988,478.5,467,469.200012,557,-2.200012,0
10/17/2005,473,475,460.5,467,95,6,1
10/24/2005,465.5,475.5,465,473,185,-16.700012,0
10/31/2005,471.100006,471.100006,455.299988,456.299988,12,12,1
11/7/2005,459,468.299988,458.5,468.299988,210,17.300018,1
11/14/2005,468.299988,486,468.100006,485.600006,126,6.5,1
11/21/2005,485.600006,492.600006,485.600006,492.100006,38,11.199982,1
11/28/2005,502.200012,507,490.5,503.299988,161532,23.700012,1
12/5/2005,504.5,531,503.5,527,2945,-23.600006,0
12/12/2005,526.5,538.5,495.200012,503.399994,2944,-0.399994,0
12/19/2005,509.5,509.5,490.100006,503,1995,14.099976,1
12/26/2005,508.700012,517.299988,506,517.099976,81,22.600036,1
1/2/2006,518.599976,539.700012,518.599976,539.700012,35,16.399964,1
1/9/2006,539.700012,548.799988,539.700012,556.099976,12,-2.599976,0
1/16/2006,553.400024,558.400024,543.700012,553.5,44,5.200012,1
1/23/2006,555,562.200012,555,558.700012,79965,8.700012,1
1/30/2006,559.200012,575.299988,557.599976,567.400024,47269,-17.200012,0
2/6/2006,568.400024,574,545.5,550.200012,3136,1.599976,1
2/13/2006,548.5,552.5,535.5,551.799988,1088,7,1
2/20/2006,550.5,560,547.5,558.799988,527,7.200012,1
2/27/2006,556.099976,569.799988,552.5,566,77,-26.099976,0
3/6/2006,554.799988,554.799988,539.900024,539.900024,36,14.199952,1
3/13/2006,541,554.400024,541,554.099976,20,5.900024,1
3/20/2006,555.200012,560,550.099976,560,1402,21.799988,1
3/27/2006,567,589.599976,566.599976,581.799988,93339,6.600036,1
4/3/2006,582,598.299988,582,588.400024,4063,8.099976,1
4/10/2006,589,604,589,596.5,1158,35.700012,1
4/17/2006,605,642,605,632.200012,2485,19.599976,1
4/24/2006,634,651.799988,620,651.799988,415,30.400024,1
5/1/2006,658,682.200012,658,682.200012,14,28.099976,1
5/8/2006,679,723,679,710.299988,56,-53.599976,0
5/15/2006,710.299988,710.299988,679.599976,656.700012,32,-5.799988,0
5/22/2006,656.5,673,637,650.900024,80564,-15.400024,0
5/29/2006,650.700012,664.5,620,635.5,59328,-27.299988,0
6/5/2006,635.5,645,606.900024,608.200012,2372,-30.200012,0
6/12/2006,606,610,555,578,608,6.799988,1
6/19/2006,568.799988,588,568,584.799988,103,28.700012,1
6/26/2006,583,614.5,580,613.5,281,19.299988,1
7/3/2006,631,634.299988,624,632.799988,106,33.799988,1
7/10/2006,632.799988,666.599976,632.799988,666.599976,30,-47,0
7/17/2006,675.099976,677,628.299988,619.599976,760,15.200012,1
7/24/2006,619.599976,636.599976,612.700012,634.799988,95265,9.200012,1
7/31/2006,634.5,656,627,644,5483,-10.5,0
8/7/2006,651.200012,654.5,626,633.5,970,-21.400024,0
8/14/2006,629.900024,631,609,612.099976,874,9.900024,1
8/21/2006,613.599976,628,613.599976,622,364,2.400024,1
8/28/2006,621.700012,625.900024,610.5,624.400024,126,-14.800048,0
9/4/2006,624.400024,638.5,609.599976,609.599976,355,-33.199952,0
9/11/2006,590,591,576.400024,576.400024,20,13,1
9/18/2006,586.200012,589.400024,576.799988,589.400024,2,9.199952,1
9/25/2006,589.900024,606.200012,589.900024,598.599976,17189,-26.199952,0
10/2/2006,598.900024,604,560.5,572.400024,4899,16.399964,1
10/9/2006,578,585.5,568,588.799988,243,4.200012,1
10/16/2006,593.5,598.5,588.5,593,349,5.200012,1
10/23/2006,579.700012,598.200012,576.5,598.200012,735,28.700012,1
10/30/2006,608.5,626.900024,604.099976,626.900024,25,1.5,1
11/6/2006,625.799988,628.400024,616.400024,628.400024,4,-6.900024,0
11/13/2006,629,629,617.5,621.5,12,7.200012,1
11/20/2006,621.5,628.700012,621.5,628.700012,0,16,1
11/27/2006,637.200012,649.700012,634.5,644.700012,114815,-18.600036,0
12/4/2006,647.099976,648,625,626.099976,1443,-11.099976,0
12/11/2006,623,632.5,613,615,931,4.099976,1
12/18/2006,614,622.700012,612,619.099976,626,16.100036,1
12/25/2006,625.099976,635.200012,623,635.200012,95,-30.299988,0
1/1/2007,635.200012,640.400024,617.299988,604.900024,590,20.599976,1
1/8/2007,607.5,616.200012,607,625.5,1005,10,1
1/15/2007,623.599976,633.5,623.599976,635.5,8,9,1
1/22/2007,633.299988,647.799988,633.299988,644.5,7,1.700012,1
1/29/2007,643.099976,661.5,640.799988,646.200012,101562,21.299988,1
2/5/2007,649,669.5,647,667.5,1111,1.299988,1
2/12/2007,664.299988,672,661,668.799988,459,14.299988,1
2/19/2007,671,685.299988,657.5,683.099976,574,-41.599976,0
2/26/2007,684.599976,687.700012,641.5,641.5,215,8.5,1
3/5/2007,640.200012,653.400024,640,650,378,2.599976,1
3/12/2007,648,652.900024,640.900024,652.599976,59,4.100036,1
3/19/2007,653.099976,663.400024,653.099976,656.700012,242,6.299988,1
3/26/2007,663.400024,667.700012,654.599976,663,52292,11.200012,1
4/2/2007,665.5,676,656.099976,674.200012,3703,11.200012,1
4/9/2007,671.099976,683.599976,671.099976,685.400024,183,6.599976,1
4/16/2007,685.099976,692.5,681.900024,692,179,-13.299988,0
4/23/2007,689,691.299988,673,678.700012,359,8.5,1
4/30/2007,677.400024,687.200012,672.299988,687.200012,18,-16.600036,0
5/7/2007,688,688,651,670.599976,3,-9.599976,0
5/14/2007,668.5,673,656.200012,661,0,-5.900024,0
5/21/2007,660.700012,661.900024,654,655.099976,28,16.100036,1
5/28/2007,657.099976,672,651.5,671.200012,160200,-25.700012,0
6/4/2007,671.200012,674,645.200012,645.5,1886,9,1
6/11/2007,649.200012,655.200012,644.299988,654.5,277,-1,0
6/18/2007,657.900024,660.799988,648.599976,653.5,110,-5.400024,0
6/25/2007,650,650.5,640,648.099976,258,4.600036,1
7/2/2007,656.799988,656.799988,648.400024,652.700012,49,13.099976,1
7/9/2007,660.5,666.700012,660.299988,665.799988,16,18.100036,1
7/16/2007,667.099976,683.900024,664.700012,683.900024,1,-23.900024,0
7/23/2007,680.799988,684.200012,660,660,95749,12.5,1
7/30/2007,659.900024,674.400024,658.5,672.5,45958,-2.200012,0
8/6/2007,672.099976,676.200012,659.5,670.299988,2139,-13.399964,0
8/13/2007,669.900024,671,642.900024,656.900024,1352,11.099976,1
8/20/2007,658.599976,668.799988,657.5,668,844,5,1
8/27/2007,667.900024,672.799988,664.200012,673,549,27.799988,1
9/3/2007,672.5,700.799988,672.5,700.799988,111,8.799988,1
9/10/2007,704.5,717.200012,702,709.599976,156,21.800048,1
9/17/2007,719.099976,732.400024,715.799988,731.400024,170,11.399964,1
9/24/2007,732.099976,745.700012,727.400024,742.799988,26956,-1.5,0
10/1/2007,745.099976,747.400024,724.299988,741.299988,1047,7.400024,1
10/8/2007,735.200012,750.400024,732.400024,748.700012,715,15.299988,1
10/15/2007,758,765.799988,756.099976,764,556,19.900024,1
10/22/2007,766.700012,783.400024,751.900024,783.900024,213,21.799988,1
10/29/2007,793.799988,806.5,780.700012,805.700012,197,26.799988,1
11/5/2007,804.599976,841.299988,804.200012,832.5,39,-46.799988,0
11/12/2007,803.900024,817,785.700012,785.700012,20,38.299988,1
11/19/2007,777.599976,824,777.599976,824,23,-41.799988,0
11/26/2007,826,826,778.400024,782.200012,239261,12.200012,1
12/3/2007,783.900024,805,777,794.400024,5592,-1.100036,0
12/10/2007,799.299988,815.900024,789.599976,793.299988,1308,18.299988,1
12/17/2007,793.5,812.5,788.400024,811.599976,433,28,1
12/24/2007,811.5,840.200012,809.799988,839.599976,344,23.5,1
12/31/2007,843.200012,865.5,843.200012,863.099976,343,33,1
1/7/2008,860.900024,899.700012,857.400024,896.099976,262,-15.299988,0
1/14/2008,907.299988,907.299988,871,880.799988,333,29.700012,1
1/21/2008,878.700012,910.5,863.200012,910.5,91,-1.799988,0
1/28/2008,916.599976,936.299988,903.700012,908.700012,232978,9.700012,1
2/4/2008,903.700012,920,884.700012,918.400024,3201,-15.600036,0
2/11/2008,920.700012,926.900024,897.200012,902.799988,804,41.900024,1
2/18/2008,904.299988,953.400024,900.5,944.700012,1048,27.399964,1
2/25/2008,946.5,973.099976,931.299988,972.099976,1028,0.100036,1
3/3/2008,984.200012,992.700012,963.799988,972.200012,254,26,1
3/10/2008,975.5,1004.599976,964.700012,998.200012,147,-78.600036,0
3/17/2008,1005,1014.599976,917.700012,919.599976,230,11,1
3/24/2008,915.5,951.700012,915.200012,930.599976,209821,-21.599976,0
3/31/2008,931,940.099976,871.799988,909,12814,14.599976,1
4/7/2008,915.299988,939.200012,904.099976,923.599976,3431,-11.399964,0
4/14/2008,917,948.700012,907.200012,912.200012,836,-25,0
4/21/2008,922.5,924.599976,878.099976,887.200012,1342,-31.100036,0
4/28/2008,887,893.799988,849.599976,856.099976,597,28.400024,1
5/5/2008,861.200012,884.700012,861.200012,884.5,221,14.5,1
5/12/2008,879.200012,904.200012,862.799988,899,320,26.599976,1
5/19/2008,905,925.599976,905,925.599976,9,-38.299988,0
5/26/2008,916.900024,925.599976,868.599976,887.299988,221213,8.100036,1
6/2/2008,887.299988,901,865.400024,895.400024,5393,-25.100036,0
6/9/2008,900.700012,908.900024,858.200012,870.299988,3029,31,1
6/16/2008,872.5,907.299988,871.299988,901.299988,332,28,1
6/23/2008,903.400024,927.599976,876.400024,929.299988,564,2.5,1
6/30/2008,927.700012,945.799988,922.299988,931.799988,425,27.700012,1
7/7/2008,931.400024,965.700012,915.400024,959.5,285,-2.200012,0
7/14/2008,964.700012,986.200012,955,957.299988,107,-30.700012,0
7/21/2008,964.5,974.900024,920.900024,926.599976,290,-17.599976,0
7/28/2008,928.799988,931.099976,893.299988,909,251481,-51.200012,0
8/4/2008,912.700012,915.299988,851.099976,857.799988,5173,-71.799988,0
8/11/2008,858.299988,863.400024,780.900024,786,741,41.400024,1
8/18/2008,792,836.599976,789.599976,827.400024,277,1.899964,1
8/25/2008,819.799988,842.599976,819.799988,829.299988,1228,-31.700012,0
9/1/2008,829.900024,840.700012,790.799988,797.599976,374,-37.299988,0
9/8/2008,811,813.200012,739,760.299988,210,100.299988,1
9/15/2008,778.099976,910.900024,764,860.599976,218,22.300048,1
9/22/2008,888.799988,908.099976,879.5,882.900024,14176,-54,0
9/29/2008,871.299988,919,823,828.900024,4816,26.5,1
10/6/2008,828.799988,925.700012,826,855.400024,1041,-70.300048,0
10/13/2008,861.099976,861.099976,773.799988,785.099976,443,-56,0
10/20/2008,803.799988,803.799988,681,729.099976,482,-12.299988,0
10/27/2008,742.799988,774,712,716.799988,405,16.400024,1
11/3/2008,728.799988,760,726,733.200012,115,9.200012,1
11/10/2008,749,753.599976,707,742.400024,1083,49.299988,1
11/17/2008,741.900024,784.099976,734,791.700012,159,24.5,1
11/24/2008,819.900024,824,806.799988,816.200012,376422,-65.700012,0
12/1/2008,817.200012,817.299988,740,750.5,6117,68.400024,1
12/8/2008,755,832.099976,754.200012,818.900024,1351,17.5,1
12/15/2008,828,880.799988,824,836.400024,1013,34,1
12/22/2008,848.5,872.400024,835,870.400024,518,8.399964,1
12/29/2008,882.900024,883.599976,858.400024,878.799988,646,-24.5,0
1/5/2009,882,883.5,837.700012,854.299988,627,-15,0
1/12/2009,844.400024,844.400024,805.599976,839.299988,177,56,1
1/19/2009,838.700012,899.099976,824,895.299988,166,32,1
1/26/2009,907.299988,930.299988,874.200012,927.299988,214404,-13.399964,0
2/2/2009,924.299988,928.799988,889.799988,913.900024,6240,27.599976,1
2/9/2009,910,952.799988,891.799988,941.5,2600,60.299988,1
2/16/2009,939.5,1004.900024,937.299988,1001.799988,2482,-60.299988,0
2/23/2009,995.599976,996.5,928.099976,941.5,2894,0.599976,1
3/2/2009,945,963.200012,900.099976,942.099976,1440,-12.299988,0
3/9/2009,940.5,940.5,892.099976,929.799988,1366,26,1
3/16/2009,926.400024,960.799988,885,955.799988,690,-32.799988,0
3/23/2009,950.700012,952.599976,920.799988,923,108556,-27.400024,0
3/30/2009,924.599976,932.5,891.299988,895.599976,74904,-13.399964,0
4/6/2009,895,895,865.099976,882.200012,1952,-14.799988,0
4/13/2009,882.5,899.400024,865,867.400024,2289,46.199952,1
4/20/2009,868.799988,913.599976,866.099976,913.599976,1887,-26,0
4/27/2009,918,918,881.299988,887.599976,3014,26.800048,1
5/4/2009,885.799988,924,885.799988,914.400024,402,16.5,1
5/11/2009,913.099976,931.599976,913.099976,930.900024,143,27.599976,1
5/18/2009,929.599976,958.700012,918.700012,958.5,292,20.299988,1
5/25/2009,953,980.400024,944,978.799988,233216,-17.099976,0
6/1/2009,978.799988,990.299988,954,961.700012,7729,-21.600036,0
6/8/2009,958,966,935.799988,940.099976,2711,-4.5,0
6/15/2009,938.5,942,926.900024,935.599976,600,5.100036,1
6/22/2009,925,946,917.299988,940.700012,1160,-10,0
6/29/2009,940.200012,944.200012,925.299988,930.700012,728,-18.5,0
7/6/2009,933.5,933.5,905.599976,912.200012,320,25,1
7/13/2009,911.5,941,908.400024,937.200012,258,15.599976,1
7/20/2009,954.099976,954.5,945.799988,952.799988,215,0.900024,1
7/27/2009,955.099976,958.099976,927.200012,953.700012,176472,3.599976,1
8/3/2009,952.599976,971.099976,950.799988,957.299988,5093,-10.299988,0
8/10/2009,955,960.099976,942.099976,947,848,6.200012,1
8/17/2009,947.400024,957.599976,931.5,953.200012,686,3.799988,1
8/24/2009,953.5,962.200012,940.299988,957,844,37.900024,1
8/31/2009,959.5,995.799988,944.799988,994.900024,233,10,1
9/7/2009,993.5,1011.900024,987.299988,1004.900024,423,4.299988,1
9/14/2009,1002.900024,1019.799988,994.900024,1009.200012,375,-19,0
9/21/2009,1003.700012,1019.400024,986.700012,990.200012,498,13,1
9/28/2009,993.200012,1009,984.700012,1003.200012,14594,44.600037,1
10/5/2009,1004.099976,1060.400024,1003,1047.800049,875,2.899902,1
10/12/2009,1049,1070.199951,1043.699951,1050.699951,787,4.900025,1
10/19/2009,1053.599976,1066.199951,1047.5,1055.599976,712,-15.900025,0
10/26/2009,1055.599976,1055.599976,1028,1039.699951,865,55.400025,1
11/2/2009,1053.400024,1100,1043.5,1095.099976,516,21,1
11/9/2009,1098.599976,1121.300049,1098.199951,1116.099976,422,30.300048,1
11/16/2009,1138.599976,1149.400024,1127.199951,1146.400024,246,27.799927,1
11/23/2009,1164.300049,1195,1130.099976,1174.199951,317557,-5.399902,0
11/30/2009,1179.900024,1226.400024,1147,1168.800049,26299,-49.400025,0
12/7/2009,1157.599976,1169.300049,1110.800049,1119.400024,7965,-8.599975,0
12/14/2009,1123.300049,1141.5,1095.699951,1110.800049,1503,-6.700073,0
12/21/2009,1095.400024,1119.199951,1075,1104.099976,1023,-8.900025,0
12/28/2009,1107.199951,1111.900024,1086,1095.199951,1936,43,1
1/4/2010,1117.699951,1139.199951,1097.099976,1138.199951,710,-8.099975,0
1/11/2010,1150.699951,1161.199951,1121,1130.099976,417,-40.900025,0
1/18/2010,1139.699951,1139.699951,1083,1089.199951,207,-6.199951,0
1/25/2010,1095.199951,1097.900024,1073.199951,1083,319330,-30.800049,0
2/1/2010,1081,1124.900024,1045.199951,1052.199951,10013,37.300049,1
2/8/2010,1065.699951,1097.099976,1061.599976,1089.5,3264,31.800049,1
2/15/2010,1119.300049,1127,1092.400024,1121.300049,3137,-3,0
2/22/2010,1112.599976,1127.400024,1088.699951,1118.300049,1795,16.5,1
3/1/2010,1119.300049,1145,1113.599976,1134.800049,756,-33.300049,0
3/8/2010,1123.599976,1127.099976,1099.900024,1101.5,246,5.900024,1
3/15/2010,1105.099976,1131.400024,1101.400024,1107.400024,256,-3.200073,0
3/22/2010,1099.300049,1104.199951,1085.5,1104.199951,109,20.900025,1
3/29/2010,1110.300049,1127.699951,1101.099976,1125.099976,223912,36,1
4/5/2010,1122.300049,1164.800049,1119.900024,1161.099976,5158,-24.799927,0
4/12/2010,1161.599976,1169,1130.400024,1136.300049,1585,16.799927,1
4/19/2010,1135.199951,1153.099976,1124,1153.099976,546,27,1
4/26/2010,1160.099976,1181.300049,1148.599976,1180.099976,932,29.900024,1
5/3/2010,1178.599976,1210.800049,1159.199951,1210,473,17.400024,1
5/10/2010,1200.400024,1246.5,1189.199951,1227.400024,668,-51.700073,0
5/17/2010,1233.300049,1235.900024,1175.699951,1175.699951,671,36.5,1
5/24/2010,1193.800049,1218.5,1193.800049,1212.199951,359849,4,1
5/31/2010,1224.800049,1228.199951,1196.900024,1216.199951,9968,12.700073,1
6/7/2010,1239.300049,1252.099976,1211,1228.900024,3037,28.299927,1
6/14/2010,1223.199951,1261.5,1217.699951,1257.199951,1954,-1.399902,0
6/21/2010,1257.400024,1264.800049,1226.900024,1255.800049,903,-48.400025,0
6/28/2010,1238.199951,1246.199951,1200.800049,1207.400024,1060,2.199952,1
7/5/2010,1207.300049,1213,1189.300049,1209.599976,185,-21.599976,0
7/12/2010,1198.5,1217.400024,1188,1188,230,-0.300049,0
7/19/2010,1181.699951,1198.599976,1180,1187.699951,147,-6,0
7/26/2010,1183,1183.099976,1158,1181.699951,266744,21.700073,1
8/2/2010,1183.400024,1211,1174.699951,1203.400024,4731,11.5,1
8/9/2010,1205.800049,1215.5,1191,1214.900024,2149,12.299927,1
8/16/2010,1224.5,1237.599976,1218,1227.199951,787,8.800049,1
8/23/2010,1226.900024,1243.300049,1211.5,1236,1331,13.199951,1
8/30/2010,1237.099976,1254.300049,1233,1249.199951,396,-4.699951,0
9/6/2010,1257.300049,1260.199951,1244.099976,1244.5,63,31.099976,1
9/13/2010,1245.099976,1279.599976,1245.099976,1275.599976,230,20.400024,1
9/20/2010,1279,1297.400024,1271.800049,1296,182,20.099976,1
9/27/2010,1296.699951,1320,1287.5,1316.099976,32734,28.099975,1
10/4/2010,1318.300049,1363,1312,1344.199951,848,26.900025,1
10/11/2010,1346.699951,1383.900024,1343.599976,1371.099976,718,-46.699952,0
10/18/2010,1358,1372.599976,1317.5,1324.400024,710,32.699952,1
10/25/2010,1333.599976,1358.699951,1321.099976,1357.099976,761,40.200073,1
11/1/2010,1360.300049,1398,1327.5,1397.300049,410,-31.900025,0
11/8/2010,1390.5,1423.199951,1360.099976,1365.400024,433,-13.200073,0
11/15/2010,1363.699951,1372.599976,1329.5,1352.199951,187,10.100098,1
11/22/2010,1357.699951,1377.800049,1357.699951,1362.300049,138441,43.099975,1
11/29/2010,1364,1415.099976,1352.599976,1405.400024,114506,-21.099975,0
12/6/2010,1414,1431.099976,1372,1384.300049,4802,-5.700073,0
12/13/2010,1384.5,1407.300049,1362.5,1378.599976,1169,1.400024,1
12/20/2010,1383.199951,1389.5,1373.699951,1380,397,41.099976,1
12/27/2010,1373.5,1421.099976,1373.5,1421.099976,1493,-52.599976,0
1/3/2011,1415.599976,1423.900024,1355.5,1368.5,708,-8.099976,0
1/10/2011,1369,1392.5,1356.699951,1360.400024,716,-19.400024,0
1/17/2011,1365.099976,1376.199951,1338.599976,1341,176,-0.300049,0
1/24/2011,1352.300049,1352.300049,1307.699951,1340.699951,284122,7.600098,1
1/31/2011,1339,1360,1323.300049,1348.300049,20656,11.599975,1
2/7/2011,1345.800049,1368.800049,1343.800049,1359.900024,4486,28.299927,1
2/14/2011,1357.800049,1391.800049,1356.599976,1388.199951,869,20.5,1
2/21/2011,1395.099976,1415.300049,1395.099976,1408.699951,1909,19.5,1
2/28/2011,1410.699951,1440.5,1407.699951,1428.199951,2225,-6.699951,0
3/7/2011,1434.5,1445,1403.800049,1421.5,955,-5.599976,0
3/14/2011,1420,1427.699951,1385.5,1415.900024,149,10.199952,1
3/21/2011,1433.5,1446.900024,1430.400024,1426.099976,175,2,1
3/28/2011,1413.199951,1440,1412,1428.099976,196357,45.300048,1
4/4/2011,1429.099976,1475.5,1428.800049,1473.400024,5829,11.900025,1
4/11/2011,1476,1487.5,1444.400024,1485.300049,1748,17.899902,1
4/18/2011,1486.300049,1508.300049,1477.5,1503.199951,1441,52.800049,1
4/25/2011,1513.300049,1568.699951,1495,1556,1465,-64.800049,0
5/2/2011,1572.900024,1576.599976,1471,1491.199951,995,2.200073,1
5/9/2011,1501.5,1524.099976,1484.800049,1493.400024,114,15.400025,1
5/16/2011,1489.300049,1512.699951,1473,1508.800049,227,27.5,1
5/23/2011,1510.5,1538.5,1507,1536.300049,263761,5.399902,1
5/30/2011,1536.699951,1550.599976,1520,1541.699951,12393,-13.099975,0
6/6/2011,1542.900024,1553.900024,1526.400024,1528.599976,4630,10,1
6/13/2011,1528.099976,1541.599976,1511.300049,1538.599976,2041,-38.099976,0
6/20/2011,1536,1558.5,1498.5,1500.5,1003,-18.199951,0
6/27/2011,1503.5,1514,1480,1482.300049,1178,58.899902,1
7/4/2011,1490.400024,1542.599976,1490.300049,1541.199951,328,48.600098,1
7/11/2011,1550,1592.800049,1542,1589.800049,78,11.5,1
7/18/2011,1592.800049,1608.800049,1582.400024,1601.300049,121,27,1
7/25/2011,1610,1634.900024,1602.800049,1628.300049,309339,20.5,1
8/1/2011,1623,1681.800049,1607,1648.800049,10130,91.399902,1
8/8/2011,1679.099976,1813.5,1678.099976,1740.199951,7384,108.700073,1
8/15/2011,1734.900024,1874.400024,1730.5,1848.900024,2681,-54.800048,0
8/22/2011,1868.599976,1909.300049,1707.300049,1794.099976,3690,79.599975,1
8/29/2011,1817.900024,1884.199951,1783.099976,1873.699951,2467,-17.299927,0
9/5/2011,1886.300049,1911.599976,1792.800049,1856.400024,1336,-44.300048,0
9/12/2011,1852.400024,1852.400024,1768.5,1812.099976,644,-174.599976,0
9/19/2011,1814.699951,1818.900024,1636.300049,1637.5,225,-17.099976,0
9/26/2011,1646.400024,1665.400024,1562.400024,1620.400024,28938,14.099976,1
10/3/2011,1627.800049,1678.099976,1596.599976,1634.5,478,47.300049,1
10/10/2011,1645.599976,1691,1645.599976,1681.800049,448,-46.700073,0
10/17/2011,1683.599976,1693.5,1608.699951,1635.099976,272,111.099975,1
10/24/2011,1646.199951,1752,1645,1746.199951,1455,9.100098,1
10/31/2011,1741.900024,1766,1682.5,1755.300049,939,32.199951,1
11/7/2011,1755.300049,1798.400024,1754.800049,1787.5,99,-62.800049,0
11/14/2011,1779,1783.099976,1714,1724.699951,175,-39.199951,0
11/21/2011,1704.599976,1704.599976,1674.400024,1685.5,84,61.5,1
11/28/2011,1710.800049,1762.900024,1699.900024,1747,258191,-34.199951,0
12/5/2011,1748.900024,1752.599976,1703,1712.800049,3214,-117.200073,0
12/12/2011,1707.5,1708.199951,1565.599976,1595.599976,2704,9.099975,1
12/19/2011,1596.400024,1635,1589.699951,1604.699951,1006,-38.899902,0
12/26/2011,1599,1599,1525,1565.800049,1970,50.299927,1
1/2/2012,1568.900024,1627.800049,1566,1616.099976,783,14.300048,1
1/9/2012,1614.300049,1656.099976,1607.5,1630.400024,572,33.299927,1
1/16/2012,1643.699951,1664.400024,1642.099976,1663.699951,93,68.100098,1
1/23/2012,1676.900024,1734.099976,1664.199951,1731.800049,175293,6.099975,1
1/30/2012,1737.199951,1761.300049,1715.699951,1737.900024,65599,-14.599975,0
2/6/2012,1728,1751.5,1706.400024,1723.300049,2320,1.199951,1
2/13/2012,1725,1737,1707,1724.5,426,50.599976,1
2/20/2012,1736.099976,1786,1733.599976,1775.099976,703,-66.299927,0
2/27/2012,1773.599976,1790.400024,1669,1708.800049,1855,2.099975,1
3/5/2012,1705.5,1710.900024,1666,1710.900024,1010,-55.400024,0
3/12/2012,1708.099976,1708.099976,1637.400024,1655.5,1068,6.800049,1
3/19/2012,1661.199951,1668,1633.800049,1662.300049,1655,7,1
3/26/2012,1665,1692.900024,1644.300049,1669.300049,250458,-40.800049,0
4/2/2012,1670.400024,1682.800049,1612.300049,1628.5,5107,30.599976,1
4/9/2012,1645.300049,1680.099976,1636.199951,1659.099976,2463,-17,0
4/16/2012,1650.800049,1656.800049,1632,1642.099976,1190,21.900024,1
4/23/2012,1642.400024,1666.900024,1625.099976,1664,947,-19.300049,0
4/30/2012,1663,1670.5,1629.400024,1644.699951,257,-61.099975,0
5/7/2012,1637.900024,1640,1583.599976,1583.599976,217,8,1
5/14/2012,1563,1591.599976,1528.5,1591.599976,136,-22.799927,0
5/21/2012,1591.900024,1594.099976,1534.400024,1568.800049,95,51.699951,1
5/28/2012,1574.699951,1630,1530.400024,1620.5,347658,-30.400024,0
6/4/2012,1623,1639.699951,1566.5,1590.099976,4514,36.900024,1
6/11/2012,1608,1630,1583,1627,2815,-61,0
6/18/2012,1622.599976,1630.699951,1560,1566,463,37.5,1
6/25/2012,1574.900024,1603.5,1548.400024,1603.5,550,-25.099976,0
7/2/2012,1597.099976,1624,1578.400024,1578.400024,121,13.199952,1
7/9/2012,1582.099976,1599.800049,1557.199951,1591.599976,99,-9.099976,0
7/16/2012,1586.199951,1596,1569.900024,1582.5,129,35.400024,1
7/23/2012,1571.699951,1617.900024,1569.800049,1617.900024,198008,-11.900024,0
7/30/2012,1622.900024,1627.5,1583.099976,1606,64310,13.699951,1
8/6/2012,1604.699951,1624.099976,1603,1619.699951,3104,-3.399902,0
8/13/2012,1622,1623.699951,1591.199951,1616.300049,2040,53.5,1
8/20/2012,1614,1672.699951,1611.599976,1669.800049,528,14.799927,1
8/27/2012,1674.900024,1690,1646.199951,1684.599976,972,52.900024,1
9/3/2012,1689.099976,1738.199951,1687.699951,1737.5,273,32.300049,1
9/10/2012,1733.099976,1774.5,1727.199951,1769.800049,89,5.699951,1
9/17/2012,1774.800049,1785.300049,1753.800049,1775.5,121,-4.400024,0
9/24/2012,1762.099976,1782.199951,1743,1771.099976,25074,7.5,1
10/1/2012,1766,1794.800049,1763.300049,1778.599976,1500,-20.599976,0
10/8/2012,1778,1778,1753.599976,1758,200,-35.199951,0
10/15/2012,1750,1751.5,1721,1722.800049,256,-11.900025,0
10/22/2012,1715,1728.300049,1698.599976,1710.900024,224,-36.800048,0
10/29/2012,1712,1725.099976,1674.099976,1674.099976,635,56.200073,1
11/5/2012,1682.800049,1734.099976,1674.300049,1730.300049,136,-16,0
11/12/2012,1733.199951,1733.400024,1706.300049,1714.300049,55,37,1
11/19/2012,1721.800049,1751.300049,1721.800049,1751.300049,56,-40.400025,0
11/26/2012,1750.300049,1750.5,1708.400024,1710.900024,345456,-6.900024,0
12/3/2012,1714.900024,1721.900024,1684,1704,4622,-8.199951,0
12/10/2012,1704.199951,1722.300049,1689.900024,1695.800049,683,-36.700073,0
12/17/2012,1690.5,1702.800049,1635.800049,1659.099976,878,-4.199952,0
12/24/2012,1657.699951,1666.699951,1653.699951,1654.900024,789,-6.800048,0
12/31/2012,1655.400024,1693.800049,1625.699951,1648.099976,463,11.900024,1
1/7/2013,1656.5,1677.300049,1643.800049,1660,231,26.599976,1
1/14/2013,1665.400024,1694.599976,1664.099976,1686.599976,136,-30.199952,0
1/21/2013,1690.300049,1694.699951,1656.400024,1656.400024,100,13,1
1/28/2013,1651.599976,1683,1651.599976,1669.400024,200132,-3.400024,0
2/4/2013,1668,1683.400024,1661.599976,1666,1943,-57.199951,0
2/11/2013,1666.5,1668,1599.5,1608.800049,1868,-36.400025,0
2/18/2013,1610,1617,1555.199951,1572.400024,2645,-0.5,0
2/25/2013,1579.400024,1615.199951,1566,1571.900024,2146,4.699952,1
3/4/2013,1580.800049,1585.5,1561.800049,1576.599976,355,15.900024,1
3/11/2013,1576,1596,1575.699951,1592.5,1818,13.699951,1
3/18/2013,1605.900024,1613.800049,1601.599976,1606.199951,928,-11.399902,0
3/25/2013,1607.099976,1608.099976,1590.300049,1594.800049,220678,-19.400025,0
4/1/2013,1596.800049,1602.599976,1539.099976,1575.400024,7161,-74.400024,0
4/8/2013,1575.800049,1589.300049,1480.199951,1501,2626,-105.699951,0
4/15/2013,1478.199951,1487.400024,1323,1395.300049,2318,58.299927,1
4/22/2013,1406.800049,1476.199951,1405.800049,1453.599976,1740,10.700073,1
4/29/2013,1462.699951,1487.099976,1440,1464.300049,1246,-27.5,0
5/6/2013,1468.099976,1477.199951,1423,1436.800049,801,-71.900025,0
5/13/2013,1440,1444.400024,1359.099976,1364.900024,868,21.900025,1
5/20/2013,1342.900024,1395.699951,1342.900024,1386.800049,146,5.799927,1
5/27/2013,1380.800049,1421.099976,1379.099976,1392.599976,219850,-9.599976,0
6/3/2013,1389.099976,1422.699951,1377.900024,1383,5982,4.300049,1
6/10/2013,1378.800049,1393.5,1366,1387.300049,1911,-95.700073,0
6/17/2013,1390.300049,1390.5,1268.900024,1291.599976,1826,-67.799927,0
6/24/2013,1297.300049,1297.300049,1183.199951,1223.800049,3020,-10.900025,0
7/1/2013,1234.699951,1266.300049,1208.900024,1212.900024,348,64.900025,1
7/8/2013,1218.800049,1285,1215.400024,1277.800049,173,15.5,1
7/15/2013,1292.099976,1294.400024,1272.900024,1293.300049,78,28.399902,1
7/22/2013,1317,1343.5,1317,1321.699951,191,-11.099975,0
7/29/2013,1328.400024,1338.400024,1283,1310.599976,188393,2.300048,1
8/5/2013,1311.199951,1318.300049,1274,1312.900024,4138,58.799927,1
8/12/2013,1317.199951,1378.900024,1317.199951,1371.699951,1264,24,1
8/19/2013,1379,1398.199951,1355,1395.699951,628,0.400025,1
8/26/2013,1398.599976,1428,1391.300049,1396.099976,1464,-9.400025,0
9/2/2013,1393,1414.400024,1367.099976,1386.699951,332,-78.299927,0
9/9/2013,1389.800049,1389.800049,1305.300049,1308.400024,283,24.099976,1
9/16/2013,1328.400024,1373,1292.099976,1332.5,197,5.900024,1
9/23/2013,1327.099976,1343.800049,1309.400024,1338.400024,16350,-28.700073,0
9/30/2013,1345.800049,1350.900024,1280,1309.699951,1819,-41.699951,0
10/7/2013,1313.800049,1330,1263.800049,1268,580,46.400024,1
10/14/2013,1275.800049,1326,1254.099976,1314.400024,492,38,1
10/21/2013,1316.800049,1353,1313.900024,1352.400024,132,-39.300048,0
10/28/2013,1351.400024,1359.699951,1308,1313.099976,318,-28.599976,0
11/4/2013,1314.599976,1323.599976,1281.300049,1284.5,299,2.800049,1
11/11/2013,1281.599976,1293.300049,1268.300049,1287.300049,70,-43.300049,0
11/18/2013,1284.699951,1284.800049,1236.5,1244,307,6.599976,1
11/25/2013,1231.099976,1254.800049,1229,1250.599976,269970,-20.299927,0
12/2/2013,1251.400024,1251.5,1212.900024,1230.300049,10212,5.399902,1
12/9/2013,1230.199951,1267,1222.199951,1235.699951,2436,-30.599975,0
12/16/2013,1238.400024,1250.599976,1188.699951,1205.099976,706,11,1
12/23/2013,1205.199951,1218.5,1195.900024,1216.099976,725,22.300048,1
12/30/2013,1215,1239,1182,1238.400024,826,8.299927,1
1/6/2014,1232.800049,1247,1218.599976,1246.699951,454,5,1
1/13/2014,1250.599976,1254.300049,1238.099976,1251.699951,300,12.800049,1
1/20/2014,1256.400024,1269.400024,1235.199951,1264.5,360,-24.400024,0
1/27/2014,1259.800049,1267.699951,1237.5,1240.099976,188236,23.200073,1
2/3/2014,1242.400024,1273.699951,1241.199951,1263.300049,6985,55.699951,1
2/10/2014,1269.599976,1320.699951,1265.699951,1319,2629,4.900024,1
2/17/2014,1322.900024,1330.599976,1309.099976,1323.900024,853,-2.5,0
2/24/2014,1324.300049,1343.900024,1321.099976,1321.400024,1476,16.699952,1
3/3/2014,1335.900024,1354.099976,1329.199951,1338.099976,500,40.900024,1
3/10/2014,1336,1386.599976,1330.5,1379,322,-43,0
3/17/2014,1386.099976,1391.400024,1325.800049,1336,196,-42.199951,0
3/24/2014,1333,1333,1285.900024,1293.800049,250655,9.399902,1
3/31/2014,1294.300049,1306.099976,1277.300049,1303.199951,7855,15.5,1
4/7/2014,1301.400024,1323.800049,1296.300049,1318.699951,1019,-25.299927,0
4/14/2014,1320.099976,1330,1291.5,1293.400024,867,7.299927,1
4/21/2014,1290,1304.599976,1272.400024,1300.699951,1172,1.900025,1
4/28/2014,1305.400024,1305.400024,1276.699951,1302.599976,1588,-15.299927,0
5/5/2014,1305.599976,1314.199951,1285.5,1287.300049,134,6,1
5/12/2014,1282.099976,1306.900024,1281.199951,1293.300049,99,-1.700073,0
5/19/2014,1293.699951,1295,1287.400024,1291.599976,61,-46,0
5/26/2014,1291.900024,1291.900024,1241.800049,1245.599976,210734,6.5,1
6/2/2014,1250,1256.599976,1240.5,1252.099976,3730,21.599975,1
6/9/2014,1252.699951,1274.699951,1251,1273.699951,1506,42.5,1
6/16/2014,1279.800049,1321.400024,1260.900024,1316.199951,2151,2.800049,1
6/23/2014,1312.300049,1325.599976,1312,1319,2488,1.400024,1
6/30/2014,1315.300049,1331.400024,1311.800049,1320.400024,1061,16.599976,1
7/7/2014,1318.699951,1343.699951,1313.199951,1337,255,-27.800049,0
7/14/2014,1332.800049,1332.800049,1294.099976,1309.199951,548,-6.099975,0
7/21/2014,1311,1315.5,1290.599976,1303.099976,29,-9.5,0
7/28/2014,1307.400024,1310.900024,1279.699951,1293.599976,225443,15.300048,1
8/4/2014,1294.400024,1321.400024,1282.599976,1308.900024,3259,-4.400024,0
8/11/2014,1308.400024,1316.400024,1292,1304.5,1389,-25.900024,0
8/18/2014,1301.400024,1302.099976,1272,1278.599976,959,7.200073,1
8/25/2014,1277.300049,1293.699951,1273.699951,1285.800049,2041,-20,0
9/1/2014,1284.5,1286.400024,1260.400024,1265.800049,972,-35.900025,0
9/8/2014,1268.400024,1268.400024,1227,1229.900024,144,-14.599975,0
9/15/2014,1226.699951,1238.300049,1215.300049,1215.300049,43,-1.200073,0
9/22/2014,1214.900024,1221.199951,1209.5,1214.099976,19522,-21.900025,0
9/29/2014,1216.300049,1222.199951,1191,1192.199951,7877,28.800049,1
10/6/2014,1187.699951,1229,1182.800049,1221,901,17.300049,1
10/13/2014,1229.800049,1247,1227,1238.300049,788,-7.100098,0
10/20/2014,1237.300049,1251,1227.900024,1231.199951,228,-60.099975,0
10/27/2014,1230.199951,1231,1161.400024,1171.099976,1740,-1.5,0
11/3/2014,1166.400024,1172.300049,1133,1169.599976,491,15.400024,1
11/10/2014,1171,1191,1148,1185,1612,12.5,1
11/17/2014,1183.099976,1202.400024,1180.599976,1197.5,65,-22.300049,0
11/24/2014,1197.699951,1201,1163.800049,1175.199951,297242,14.900025,1
12/1/2014,1160,1220.400024,1141.699951,1190.099976,8118,31.900024,1
12/8/2014,1190.599976,1238,1187.199951,1222,1270,-26.099976,0
12/15/2014,1223.099976,1223.099976,1184,1195.900024,687,-0.599975,0
12/22/2014,1198,1198,1172.699951,1195.300049,602,-9.300049,0
12/29/2014,1186.5,1210.300049,1169.5,1186,601,30,1
1/5/2015,1180.300049,1220.199951,1180.099976,1216,731,60.900024,1
1/12/2015,1224.199951,1279.699951,1219.099976,1276.900024,315,15.699952,1
1/19/2015,1278.900024,1303.5,1273.800049,1292.599976,389,-14.099976,0
1/26/2015,1289.5,1291.699951,1251,1278.5,257042,-44.599976,0
2/2/2015,1284.099976,1284.699951,1228,1233.900024,5267,-7.400024,0
2/9/2015,1237.5,1245,1217.900024,1226.5,816,-22.099976,0
2/16/2015,1227.699951,1234,1197.800049,1204.400024,467,8.199952,1
2/23/2015,1201.300049,1219,1191.599976,1212.599976,1744,-48.5,0
3/2/2015,1214.300049,1222.699951,1163.699951,1164.099976,399,-11.5,0
3/9/2015,1169.400024,1174.199951,1147.699951,1152.599976,320,32.200073,1
3/16/2015,1159.699951,1185.400024,1144.300049,1184.800049,332,15,1
3/23/2015,1181.599976,1213.699951,1181.199951,1199.800049,172755,1.099975,1
3/30/2015,1198,1208.199951,1178.199951,1200.900024,44715,3.699952,1
4/6/2015,1209.900024,1224.199951,1193,1204.599976,1708,-1.699952,0
4/13/2015,1208.099976,1208.5,1184.099976,1202.900024,1386,-27.700073,0
4/20/2015,1205.699951,1206.900024,1174.599976,1175.199951,576,-0.699951,0
4/27/2015,1182.300049,1214,1170,1174.5,875,14.599976,1
5/4/2015,1177.5,1198.699951,1177.5,1189.099976,195,36.400024,1
5/11/2015,1189.699951,1225.599976,1179.300049,1225.5,117,-21.199951,0
5/18/2015,1224.5,1228.099976,1203.699951,1204.300049,79,-14.900025,0
5/25/2015,1193.599976,1193.599976,1179.599976,1189.400024,257709,-21.599975,0
6/1/2015,1190.599976,1204,1164,1167.800049,3706,11,1
6/8/2015,1169.5,1190.099976,1169.099976,1178.800049,822,22.699951,1
6/15/2015,1179.900024,1203.099976,1172.699951,1201.5,571,-28.599976,0
6/22/2015,1197.800049,1197.800049,1170.5,1172.900024,756,-9.900024,0
6/29/2015,1185.099976,1186,1155.5,1163,1168,-5.300049,0
7/6/2015,1171.099976,1173,1146.400024,1157.699951,1260,-25.899902,0
7/13/2015,1159,1159,1130.199951,1131.800049,202,-46.200073,0
7/20/2015,1130.400024,1130.699951,1078.599976,1085.599976,469,9.300048,1
7/27/2015,1100,1102.800049,1079.099976,1094.900024,214190,-0.800048,0
8/3/2015,1095.5,1098.300049,1080.5,1094.099976,5647,18.800048,1
8/10/2015,1093.199951,1124.5,1089.5,1112.900024,4043,46.699952,1
8/17/2015,1113.800049,1166.5,1110,1159.599976,1892,-26.5,0
8/24/2015,1164,1169,1118.400024,1133.099976,1475,-12.5,0
8/31/2015,1131.099976,1144.699951,1116.199951,1120.599976,943,-17.099976,0
9/7/2015,1119.800049,1124.300049,1098.199951,1103.5,425,34.599976,1
9/14/2015,1107.800049,1141.199951,1102.800049,1138.099976,131,7.900024,1
9/21/2015,1137.599976,1155.900024,1122.5,1146,186,-8.900024,0
9/28/2015,1133.199951,1141.199951,1105.800049,1137.099976,9132,19.200073,1
10/5/2015,1137.099976,1157.199951,1132.5,1156.300049,635,27.299927,1
10/12/2015,1155.900024,1189,1154.900024,1183.599976,701,-20.299927,0
10/19/2015,1176.5,1179.099976,1163.300049,1163.300049,208,-21.800049,0
10/26/2015,1165.099976,1182.699951,1139.199951,1141.5,1273,-53.900024,0
11/2/2015,1137.900024,1138.699951,1084.800049,1087.599976,668,-6.799927,0
11/9/2015,1088.599976,1091.400024,1080.800049,1080.800049,65,-4.400025,0
11/16/2015,1092,1092.400024,1064,1076.400024,37,-20.200073,0
11/23/2015,1070,1079.400024,1051.099976,1056.199951,201074,28.300049,1
11/30/2015,1056.5,1088.800049,1046.199951,1084.5,10595,-7.599976,0
12/7/2015,1084.900024,1086.5,1064.400024,1076.900024,1984,-10.700073,0
12/14/2015,1074,1078.699951,1050.5,1066.199951,1119,11,1
12/21/2015,1070.199951,1081.900024,1069.400024,1077.199951,358,-16.899902,0
12/28/2015,1077.900024,1098.800049,1058.5,1060.300049,694,37.5,1
1/4/2016,1063.400024,1111.099976,1063.199951,1097.800049,497,-6.300049,0
1/11/2016,1105.699951,1107.900024,1073.699951,1091.5,283,5.699951,1
1/18/2016,1089.800049,1109.800049,1084.900024,1097.199951,67,19.200073,1
1/25/2016,1099.300049,1125.699951,1099.300049,1116.400024,228711,41.400025,1
2/1/2016,1116.699951,1174.800049,1115.300049,1157.800049,6190,81.299927,1
2/8/2016,1173.5,1260.800049,1165,1239.099976,3547,-8.699952,0
2/15/2016,1233.099976,1239.199951,1193.599976,1230.400024,866,-10.599975,0
2/22/2016,1226.099976,1250.099976,1203,1219.800049,2747,50.099975,1
2/29/2016,1218.599976,1279.900024,1218.599976,1269.900024,1715,-11.200073,0
3/7/2016,1259.800049,1280.699951,1237.5,1258.699951,395,-4.899902,0
3/14/2016,1256,1270.099976,1228,1253.800049,709,-32.400025,0
3/21/2016,1256.199951,1256.199951,1214.199951,1221.400024,1122,0.799927,1
3/28/2016,1211.5,1245,1209.199951,1222.199951,242992,20.300049,1
4/4/2016,1221.699951,1242.900024,1215,1242.5,3547,-9.400024,0
4/11/2016,1241.5,1261.699951,1224.5,1233.099976,1186,-4.400025,0
4/18/2016,1238.699951,1270.599976,1228,1228.699951,1182,60.5,1
4/25/2016,1231.599976,1295.5,1231.599976,1289.199951,2437,3.700073,1
5/2/2016,1292.099976,1304.400024,1270.800049,1292.900024,1087,-21,0
5/9/2016,1286.5,1286.5,1258.699951,1271.900024,581,-19.5,0
5/16/2016,1272.800049,1287.800049,1247.5,1252.400024,190,-38.599975,0
5/23/2016,1251.599976,1251.599976,1206.400024,1213.800049,263598,26.299927,1
5/30/2016,1212.5,1244.5,1199,1240.099976,12398,33.300048,1
6/6/2016,1244.400024,1278,1236.5,1273.400024,2600,19.099976,1
6/13/2016,1276.199951,1316.400024,1273,1292.5,1424,27.5,1
6/20/2016,1288.900024,1355.599976,1253.699951,1320,1252,16.699951,1
6/27/2016,1330,1344.199951,1311.599976,1336.699951,2275,19.900025,1
7/4/2016,1342.199951,1374.900024,1335,1356.599976,676,-30.099976,0
7/11/2016,1371.699951,1371.800049,1322.699951,1326.5,357,-3.400024,0
7/18/2016,1327.5,1337.5,1312.800049,1323.099976,1500,25.900024,1
7/25/2016,1315.699951,1353.300049,1313.800049,1349,278983,-12.599976,0
8/1/2016,1348.800049,1366,1333.699951,1336.400024,6401,-0.599975,0
8/8/2016,1330,1354.199951,1327.800049,1335.800049,2096,4.599975,1
8/15/2016,1336.5,1355,1333.599976,1340.400024,872,-18.900024,0
8/22/2016,1334.400024,1341.199951,1317,1321.5,1129,0.599976,1
8/29/2016,1315,1326.699951,1301.5,1322.099976,1636,8,1
9/5/2016,1323.300049,1350.5,1323.199951,1330.099976,125,-24.299927,0
9/12/2016,1327,1329.300049,1305.800049,1305.800049,370,31.399902,1
9/19/2016,1313.5,1340.400024,1313.5,1337.199951,256,-23.899902,0
9/26/2016,1335.199951,1341.800049,1312.900024,1313.300049,17599,-64.400025,0
10/3/2016,1313.5,1316.800049,1248.900024,1248.900024,2721,4.199952,1
10/10/2016,1258.800049,1260.400024,1250.599976,1253.099976,806,12.800048,1
10/17/2016,1249.900024,1271.5,1249.900024,1265.900024,910,9.599976,1
10/24/2016,1269.199951,1281.5,1261.800049,1275.5,1280,27.800049,1
10/31/2016,1276.599976,1307,1271.5,1303.300049,221,-79.800049,0
11/7/2016,1292,1318.599976,1219.099976,1223.5,854,-15,0
11/14/2016,1227.800049,1229.5,1207.199951,1208.5,2048,-30.300049,0
11/21/2016,1209.599976,1213.800049,1177,1178.199951,361,-3.099975,0
11/28/2016,1188,1194.800049,1160,1175.099976,242305,-15.699952,0
12/5/2016,1181.800049,1186.699951,1156,1159.400024,1879,-24.099975,0
12/12/2016,1158.300049,1164,1123.900024,1135.300049,1845,-3.400025,0
12/19/2016,1139.400024,1140.699951,1126.5,1131.900024,519,18.099976,1
12/26/2016,1134.300049,1162,1134.300049,1150,2620,21.900024,1
1/2/2017,1155.199951,1183.300049,1146.5,1171.900024,604,23.400025,1
1/9/2017,1173.900024,1204.300049,1173,1195.300049,265,9,1
1/16/2017,1205.5,1214.699951,1195.800049,1204.300049,257,-16.200073,0
1/23/2017,1212,1219,1185.599976,1188.099976,234814,30.400024,1
1/30/2017,1191.699951,1224.199951,1187.099976,1218.5,57237,15.900024,1
2/6/2017,1221.900024,1243.900024,1218.5,1234.400024,3649,3.199952,1
2/13/2017,1230.5,1241.199951,1217.300049,1237.599976,1120,19.300048,1
2/20/2017,1237.300049,1258.800049,1228.099976,1256.900024,1531,-31.400024,0
2/27/2017,1254.699951,1263.099976,1222.900024,1225.5,1603,-24.800049,0
3/6/2017,1235.199951,1235.199951,1196.199951,1200.699951,146,29.100098,1
3/13/2017,1206.199951,1231.400024,1196.800049,1229.800049,166,18.399902,1
3/20/2017,1229.300049,1249.5,1226.400024,1248.199951,56,-0.899902,0
3/27/2017,1255.800049,1257.699951,1238.699951,1247.300049,250320,7,1
4/3/2017,1247.5,1269.099976,1243,1254.300049,3405,31.599975,1
4/10/2017,1252.699951,1287.599976,1246.800049,1285.900024,1990,1.5,1
4/17/2017,1291.800049,1294.800049,1274,1287.400024,1262,-21.300048,0
4/24/2017,1275,1276.900024,1262.099976,1266.099976,2408,-41.299927,0
5/1/2017,1268.699951,1269.300049,1224.199951,1224.800049,407,1.399902,1
5/8/2017,1224,1234,1214,1226.199951,163,26.5,1
5/15/2017,1227.5,1260,1227.5,1252.699951,116,14.900025,1
5/22/2017,1251.699951,1267.599976,1249.699951,1267.599976,271516,9.200073,1
5/29/2017,1267.400024,1279,1258.400024,1276.800049,135088,-8.300049,0
6/5/2017,1279.199951,1295.199951,1264.599976,1268.5,2802,-14.5,0
6/12/2017,1266.400024,1278,1250.300049,1254,1518,2.199951,1
6/19/2017,1252.099976,1273.599976,1240,1256.199951,813,-15.5,0
6/26/2017,1260.199951,1260.199951,1238.099976,1240.699951,1258,-32.099975,0
7/3/2017,1236,1236,1208.599976,1208.599976,194,18,1
7/10/2017,1211.400024,1227.5,1208.699951,1226.599976,77,27.700073,1
7/17/2017,1229.900024,1254.300049,1229.900024,1254.300049,60,14.099975,1
7/24/2017,1256,1270,1244.800049,1268.400024,284522,-10.099975,0
7/31/2017,1268.900024,1273.300049,1253.900024,1258.300049,10633,29.399902,1
8/7/2017,1258.699951,1291.099976,1251.400024,1287.699951,2136,-2,0
8/14/2017,1288.400024,1300.699951,1267.400024,1285.699951,1037,6.800049,1
8/21/2017,1285.199951,1292.699951,1280.300049,1292.5,1198,32,1
8/28/2017,1293.5,1327.699951,1293.5,1324.5,3187,21.5,1
9/4/2017,1335.199951,1355.800049,1328.599976,1346,122,-25.599976,0
9/11/2017,1331,1331,1319.599976,1320.400024,371,-27.099975,0
9/18/2017,1309.800049,1312,1290.300049,1293.300049,706,-11.800049,0
9/25/2017,1293.099976,1309.199951,1277,1281.5,25296,-9.900024,0
10/2/2017,1275,1280.800049,1260.5,1271.599976,628,29.900024,1
10/9/2017,1280.599976,1301.699951,1279,1301.5,146,-24.099976,0
10/16/2017,1302,1303.800049,1277.400024,1277.400024,1345,-8.900024,0
10/23/2017,1274.699951,1280.800049,1264.699951,1268.5,937,-2,0
10/30/2017,1270,1274.900024,1265.300049,1266.5,680,5.900024,1
11/6/2017,1269,1286.900024,1269,1272.400024,182,23.400025,1
11/13/2017,1277.300049,1295.800049,1275.900024,1295.800049,64,-9.100098,0
11/20/2017,1274.599976,1291.599976,1274.599976,1286.699951,9,-7.899902,0
11/27/2017,1293.800049,1296.199951,1269.699951,1278.800049,326559,-33.600098,0
12/4/2017,1272.5,1276.099976,1241.5,1245.199951,3237,9.100098,1
12/11/2017,1248.400024,1260.300049,1236.5,1254.300049,1904,21.099975,1
12/18/2017,1256.199951,1276.300049,1255.699951,1275.400024,782,30.900025,1
12/25/2017,1282.400024,1306.300049,1281.800049,1306.300049,850,14,1
1/1/2018,1302.300049,1322,1302.300049,1320.300049,113,13.099975,1
1/8/2018,1319.900024,1338.199951,1309.599976,1333.400024,150,-1.5,0
1/15/2018,1331.099976,1338,1326,1331.900024,301,19.699952,1
1/22/2018,1328.400024,1362.400024,1328.400024,1351.599976,280777,-17.900025,0
1/29/2018,1338.699951,1352.099976,1327.699951,1333.699951,61502,-20.599975,0
2/5/2018,1331.099976,1343.699951,1307,1313.099976,2571,40.099975,1
2/12/2018,1323.800049,1361.400024,1318,1353.199951,832,-25,0
2/19/2018,1348.400024,1350.199951,1322,1328.199951,899,-7.099975,0
2/26/2018,1335,1340.5,1301.800049,1321.099976,1618,1.300048,1
3/5/2018,1323.5,1338.099976,1313,1322.400024,213,-11.099975,0
3/12/2018,1319.400024,1325.900024,1310.099976,1311.300049,66,38,1
3/19/2018,1309.400024,1349.300049,1307.300049,1349.300049,52,-26.5,0
3/26/2018,1348.5,1354.400024,1321.699951,1322.800049,355768,9.099975,1
4/2/2018,1327,1347.300049,1319,1331.900024,2675,12.900025,1
4/9/2018,1333,1365.400024,1327,1344.800049,614,-8.100098,0
4/16/2018,1341,1355.199951,1335.300049,1336.699951,1211,-16.399902,0
4/23/2018,1334,1334.400024,1312.800049,1320.300049,1565,-7.600098,0
4/30/2018,1309.599976,1316.199951,1302.599976,1312.699951,104,6.300049,1
5/7/2018,1310.599976,1320.800049,1308.5,1319,422,-28.800049,0
5/14/2018,1319.900024,1319.900024,1285.199951,1290.199951,42,13.100098,1
5/21/2018,1287.400024,1303.699951,1287.400024,1303.300049,113,-8.5,0
5/28/2018,1298.699951,1306.800049,1288.900024,1294.800049,441924,3.299927,1
6/4/2018,1293.900024,1302.800049,1289.900024,1298.099976,1603,-23.5,0
6/11/2018,1299.300049,1307.699951,1274,1274.599976,990,-7.199952,0
6/18/2018,1280.699951,1281.800049,1260,1267.400024,196,-16.099975,0
6/25/2018,1270.599976,1271.199951,1244.800049,1251.300049,1714,3,1
7/2/2018,1249.900024,1257.300049,1237,1254.300049,81,-14.700073,0
7/9/2018,1258.199951,1262.300049,1239.599976,1239.599976,141,-10.099976,0
7/16/2018,1242.699951,1243.800049,1211.699951,1229.5,102,-6.900024,0
7/23/2018,1222,1231.400024,1222,1222.599976,254430,-8.400025,0
7/30/2018,1222.5,1228.099976,1205.099976,1214.199951,67182,-3.099975,0
8/6/2018,1214.400024,1216.400024,1205.599976,1211.099976,1340,-34.599976,0
8/13/2018,1207,1207.400024,1161.400024,1176.5,430,29.800049,1
8/20/2018,1184.800049,1208,1184.400024,1206.300049,214,-6,0
8/27/2018,1210.300049,1217,1196,1200.300049,1791,-6.700073,0
9/3/2018,1193.800049,1202,1189.900024,1193.599976,83,1.400024,1
9/10/2018,1193,1205,1190.400024,1195,92,1.199951,1
9/17/2018,1199.699951,1206.199951,1196.199951,1196.199951,2,-4.699951,0
9/24/2018,1199.300049,1202.800049,1180,1191.5,23229,9.699951,1
10/1/2018,1191.599976,1206,1185.800049,1201.199951,1237,16.900025,1
10/8/2018,1201,1224.599976,1183.699951,1218.099976,1585,7.200073,1
10/15/2018,1222.400024,1232.300049,1222.400024,1225.300049,783,7.199951,1
10/22/2018,1224.5,1238.599976,1219.599976,1232.5,114,-1.599976,0
10/29/2018,1224.5,1236,1212,1230.900024,439,-24.5,0
11/5/2018,1230.599976,1233.800049,1206.400024,1206.400024,36,14.400025,1
11/12/2018,1201.599976,1223.800049,1196.300049,1220.800049,11,0.199951,1
11/19/2018,1223.099976,1228.800049,1219,1221,13,-0.800049,0
11/26/2018,1220.199951,1228.699951,1211.199951,1220.199951,304713,26.600098,1
12/3/2018,1222.5,1249.800049,1221.300049,1246.800049,1995,-9.800049,0
12/10/2018,1249.599976,1249.599976,1234.099976,1237,559,16.800049,1
12/17/2018,1239.300049,1263.599976,1239.300049,1253.800049,454,26.099975,1
12/24/2018,1260.300049,1280.099976,1260.300049,1279.900024,1375,2.799927,1
12/31/2018,1278,1294.199951,1275.300049,1282.699951,212,4.400025,1
1/7/2019,1286.800049,1291.199951,1278.199951,1287.099976,169,-5.799927,0
1/14/2019,1292.400024,1293.900024,1281.300049,1281.300049,25,16.099975,1
1/21/2019,1282.5,1297.400024,1278.5,1297.400024,22,19.5,1
1/28/2019,1300.800049,1325.400024,1298.400024,1316.900024,271467,-3.200073,0
2/4/2019,1318.099976,1318.099976,1302.199951,1313.699951,1720,4.400025,1
2/11/2019,1313.400024,1318.800049,1301.599976,1318.099976,1419,11.099975,1
2/18/2019,1320.900024,1344,1320.5,1329.199951,2103,-32.799927,0
2/25/2019,1329.199951,1331.599976,1288.900024,1296.400024,1979,0.599976,1
3/4/2019,1285.5,1297.400024,1281,1297,177,4.800049,1
3/11/2019,1291,1307.5,1288.800049,1301.800049,37,9.799927,1
3/18/2019,1297.300049,1311.599976,1297.300049,1311.599976,30,-18.599976,0
3/25/2019,1320.699951,1322.900024,1286.099976,1293,295346,-2.599976,0
4/1/2019,1291.800049,1295.900024,1279.5,1290.400024,1822,0.199952,1
4/8/2019,1292.199951,1309.099976,1288.599976,1290.599976,1186,-18.699952,0
4/15/2019,1284.800049,1287.300049,1270.099976,1271.900024,1501,13,1
4/22/2019,1273.5,1284.900024,1266,1284.900024,1770,-5.700073,0
4/29/2019,1284.800049,1284.900024,1266.599976,1279.199951,830,6.5,1
5/6/2019,1282.199951,1286.5,1278.800049,1285.699951,69,-11.199951,0
5/13/2019,1286.699951,1300.099976,1274.5,1274.5,121,8.5,1
5/20/2019,1276.099976,1284.800049,1272,1283,29,22.800049,1
5/27/2019,1276.5,1306.400024,1273.900024,1305.800049,248081,35.399902,1
6/3/2019,1307,1347.699951,1307,1341.199951,2137,-1.099975,0
6/10/2019,1335.800049,1355.400024,1319.099976,1340.099976,1679,56.099975,1
6/17/2019,1339,1406,1335,1396.199951,345,13.5,1
6/24/2019,1406,1433.300049,1399.800049,1409.699951,2356,-13,0
7/1/2019,1386.599976,1434,1382.800049,1396.699951,318,13.200073,1
7/8/2019,1395.900024,1424,1386.199951,1409.900024,131,15.199952,1
7/15/2019,1414.400024,1444.199951,1404.599976,1425.099976,132,-6.599976,0
7/22/2019,1425.300049,1425.300049,1413.900024,1418.5,35,27.099976,1
7/29/2019,1419.599976,1448,1400.900024,1445.599976,305739,51,1
8/5/2019,1440.400024,1509.900024,1440.400024,1496.599976,2733,15.900024,1
8/12/2019,1496,1531.400024,1483.699951,1512.5,3159,14.099976,1
8/19/2019,1507.199951,1527.599976,1492.900024,1526.599976,2710,-7.5,0
8/26/2019,1543.199951,1549.300049,1516.699951,1519.099976,4236,-12.900025,0
9/2/2019,1522.900024,1553.199951,1504.5,1506.199951,364,-15.299927,0
9/9/2019,1509,1515.400024,1486.900024,1490.900024,128,16.400025,1
9/16/2019,1506.599976,1509.400024,1489.300049,1507.300049,44,-8.200073,0
9/23/2019,1515.5,1533,1485.599976,1499.099976,16060,7.099975,1
9/30/2019,1495.900024,1518.199951,1458.300049,1506.199951,2948,-23.5,0
10/7/2019,1504.800049,1511.199951,1476.900024,1482.699951,422,5.5,1
10/14/2019,1484.400024,1495.400024,1476.599976,1488.199951,1503,11.300049,1
10/21/2019,1489.900024,1514.300049,1481.5,1499.5,446,8.5,1
10/28/2019,1504.099976,1513.099976,1481,1508,1227,-46.699951,0
11/4/2019,1511.599976,1511.599976,1461.300049,1461.300049,1301,6,1
11/11/2019,1461,1471.800049,1447.099976,1467.300049,180,-4.200073,0
11/18/2019,1472,1474.5,1463.099976,1463.099976,225,2.5,1
11/25/2019,1457.099976,1465.599976,1452,1465.599976,441760,-6.5,0
12/2/2019,1462.800049,1483.400024,1453.300049,1459.099976,6051,16.5,1
12/9/2019,1458.800049,1483.900024,1458.599976,1475.599976,3644,-0.900025,0
12/16/2019,1473.800049,1478.900024,1472.599976,1474.699951,1196,39.100098,1
12/23/2019,1482.300049,1513.800049,1479.900024,1513.800049,1408,35.399902,1
12/30/2019,1512.599976,1552.699951,1510,1549.199951,1068,8.300049,1
1/6/2020,1580,1604.199951,1543.300049,1557.5,769,1.300049,1
1/13/2020,1557.400024,1558.800049,1534.900024,1558.800049,297,12.299927,1
1/20/2020,1559.300049,1571.099976,1549.800049,1571.099976,145,11.800048,1
1/27/2020,1584.300049,1589,1569.199951,1582.900024,314730,-14.300048,0
2/3/2020,1592.900024,1593.300049,1547.699951,1568.599976,3886,14.099975,1
2/10/2020,1569.300049,1582.699951,1561,1582.699951,746,61.900025,1
2/17/2020,1579.800049,1645,1579.800049,1644.599976,1155,-80.5,0
2/24/2020,1657,1686.599976,1564.099976,1564.099976,3830,106.700073,1
3/2/2020,1583.900024,1686.199951,1574.300049,1670.800049,1559,-155.100098,0
3/9/2020,1696.099976,1701.599976,1513.800049,1515.699951,601,-31.699951,0
3/16/2020,1569.099976,1569.099976,1452.099976,1484,924,139.900024,1
3/23/2020,1505.300049,1685.5,1490.199951,1623.900024,101610,9.799927,1
3/30/2020,1641.199951,1652.800049,1570,1633.699951,23358,102.5,1
4/6/2020,1629.099976,1736.199951,1625.900024,1736.199951,3779,-47,0
4/13/2020,1722,1775,1684.900024,1689.199951,2398,34.300049,1
4/20/2020,1686,1745.099976,1659.900024,1723.5,1928,-29,0
4/27/2020,1731.900024,1731.900024,1670.5,1694.5,2461,15.400024,1
5/4/2020,1702.599976,1728.900024,1684.199951,1709.900024,2054,43.5,1
5/11/2020,1702.300049,1753.400024,1690.199951,1753.400024,2895,-18.800048,0
5/18/2020,1755.699951,1770.5,1720.5,1734.599976,946,2.300048,1
5/25/2020,1726.400024,1738.300049,1685.599976,1736.900024,162336,-60.700073,0
6/1/2020,1740.400024,1747,1668.599976,1676.199951,6676,53.100098,1
6/8/2020,1679.099976,1744.099976,1675.900024,1729.300049,2660,16.599975,1
6/15/2020,1730,1750.699951,1703.300049,1745.900024,1700,26.599976,1
6/22/2020,1755.199951,1783.099976,1750.5,1772.5,3830,11.5,1
6/29/2020,1779.800049,1798,1765.800049,1784,2116,14.199951,1
7/6/2020,1788.199951,1819.800049,1783.300049,1798.199951,1764,10.100098,1
7/13/2020,1805,1813.5,1791,1808.300049,840,89,1
7/20/2020,1807,1897.300049,1807,1897.300049,1026,65.5,1
7/27/2020,1901.699951,1981.099976,1901.5,1962.800049,242791,47.299927,1
8/3/2020,1984.300049,2063,1955.5,2010.099976,5217,-73.099976,0
8/10/2020,2026.400024,2043.800049,1871.599976,1937,1880,-2.400024,0
8/17/2020,1949.599976,2002.800049,1908.900024,1934.599976,826,30,1
8/24/2020,1930.199951,1972.5,1909.699951,1964.599976,3629,-40.699952,0
8/31/2020,1970,1986.300049,1917.699951,1923.900024,1201,13.900025,1
9/7/2020,1930.900024,1962.699951,1903.099976,1937.800049,1285,14.299927,1
9/14/2020,1946.300049,1968.5,1933.699951,1952.099976,358,-94.400025,0
9/21/2020,1946.199951,1946.199951,1851.5,1857.699951,757,42.5,1
9/28/2020,1872.800049,1913,1872.400024,1900.199951,15598,19.300049,1
10/5/2020,1898.900024,1929.099976,1873.099976,1919.5,3074,-18.699951,0
10/12/2020,1924,1926.5,1882.5,1900.800049,627,1.199951,1
10/19/2020,1907.300049,1927.300049,1896.099976,1902,2760,-24.599976,0
10/26/2020,1895.5,1908.800049,1858.800049,1877.400024,1175,72.900025,1
11/2/2020,1872.900024,1958.800049,1872.900024,1950.300049,1954,-64.600098,0
11/9/2020,1955.599976,1963.199951,1847.099976,1885.699951,1683,-13.099975,0
11/16/2020,1874.599976,1888.400024,1856,1872.599976,335,-90.699952,0
11/23/2020,1834.800049,1837.800049,1770.699951,1781.900024,413392,54,1
11/30/2020,1785,1847.599976,1762.300049,1835.900024,9305,3.900025,1
12/7/2020,1836.5,1875.800049,1820.800049,1839.800049,2117,45.899902,1
12/14/2020,1835.5,1896.199951,1822.699951,1885.699951,3137,-5.799927,0
12/21/2020,1884.800049,1908,1861,1879.900024,533,13.199952,1
12/28/2020,1895.5,1901.300049,1873.699951,1893.099976,1306,,
